series_id,timestamp,index,consumption_pred,surface,base_temperature,day_off_count,day_name,hour,day,week,month,year,dayofweek,dayofyear,session,is_night,is_day_off,dayofweek_sin,dayofweek_cos,dayofyear_sin,dayofyear_cos,month_sin,month_cos,hour_sin,hour_cos,large,medium,small,x-large,x-small,xx-large,xx-small,high,low,encoded_base_temperature,encoded_surface,encoded_session,Set,forecast,temperature_x,drop_indicator,last_week_consumption,last_day_consumption,consumption,consumption_answers,temperature_y
100017,2017-02-28 00:00:00,959827.0,910600.780091014,medium,low,2,Tuesday,0,28,9,2,2017,1,59,Late Night,True,True,0.7818314824680298,0.6234898018587336,-0.0027397225999947,0.9999962469529948,-0.0832369162003113,0.9965297867005594,-0.041654611386019,0.999132070023918,0,1,0,0,0,0,0,0,1,2372562.8786120294,1437469.720104067,2346231.5614151936,Train,Actual,13.352777777777781,,,,910600.780091014,,
100017,2017-03-01 00:00:00,972686.0,905387.9145979732,medium,low,2,Wednesday,0,1,9,3,2017,2,60,Late Night,True,True,0.9749279121818236,-0.2225209339563143,-0.0027397226000163,0.9999962469529948,-0.0832369162003098,0.9965297867005596,-0.041654611386019,0.999132070023918,0,1,0,0,0,0,0,0,1,2372562.8786120294,1437469.720104067,2346231.5614151936,Train,Actual,13.131944444444441,,,910600.780091014,905387.9145979732,,
100017,2017-03-02 00:00:00,978687.0,916974.8390626276,medium,low,2,Thursday,0,2,9,3,2017,3,61,Late Night,True,True,0.4338837391175582,-0.900968867902419,-0.002739722599981,0.9999962469529948,-0.0832369162003098,0.9965297867005596,-0.041654611386019,0.999132070023918,0,1,0,0,0,0,0,0,1,2372562.8786120294,1437469.720104067,2346231.5614151936,Train,Actual,9.722222222222223,,,905387.9145979732,916974.8390626276,,
100017,2017-03-03 00:00:00,966493.0,893136.4301732742,medium,low,2,Friday,0,3,9,3,2017,4,62,Late Night,True,True,-0.433883739117558,-0.9009688679024191,-0.0027397226000025,0.9999962469529948,-0.0832369162003098,0.9965297867005596,-0.041654611386019,0.999132070023918,0,1,0,0,0,0,0,0,1,2372562.8786120294,1437469.720104067,2346231.5614151936,Train,Actual,9.09722222222222,,,916974.8390626276,893136.4301732742,,
100017,2017-03-04 00:00:00,973522.0,805268.026423894,medium,low,2,Saturday,0,4,9,3,2017,5,63,Late Night,True,True,-0.9749279121818236,-0.2225209339563146,-0.0027397225999673,0.9999962469529948,-0.0832369162003098,0.9965297867005596,-0.041654611386019,0.999132070023918,0,1,0,0,0,0,0,0,1,2372562.8786120294,1437469.720104067,2346231.5614151936,Train,Actual,9.673611111111112,,,893136.4301732742,805268.026423894,,
100017,2017-03-05 00:00:00,954690.0,756851.6177219118,medium,low,2,Sunday,0,5,9,3,2017,6,64,Late Night,True,True,-0.7818314824680299,0.6234898018587334,-0.0027397225999888,0.9999962469529948,-0.0832369162003098,0.9965297867005596,-0.041654611386019,0.999132070023918,0,1,0,0,0,0,0,0,1,2372562.8786120294,1437469.720104067,2346231.5614151936,Train,Actual,11.645138888888885,,,805268.026423894,756851.6177219118,,
100017,2017-03-06 00:00:00,945913.0,927275.5184433236,medium,low,2,Monday,0,6,10,3,2017,0,65,Late Night,True,True,0.0,1.0,-0.0027397226000104,0.9999962469529948,-0.0832369162003098,0.9965297867005596,-0.041654611386019,0.999132070023918,0,1,0,0,0,0,0,0,1,2372562.8786120294,1437469.720104067,2346231.5614151936,Train,Actual,10.555555555555555,,,756851.6177219118,927275.5184433236,,
100017,2017-03-07 00:00:00,969724.0,933771.0561173112,medium,low,2,Tuesday,0,7,10,3,2017,1,66,Late Night,True,True,0.7818314824680298,0.6234898018587336,-0.0027397225999751,0.9999962469529948,-0.0832369162003098,0.9965297867005596,-0.041654611386019,0.999132070023918,0,1,0,0,0,0,0,0,1,2372562.8786120294,1437469.720104067,2346231.5614151936,Train,Actual,10.736111111111114,,910600.780091014,927275.5184433236,933771.0561173112,,
100017,2017-03-08 00:00:00,968057.0,923488.2412516696,medium,low,2,Wednesday,0,8,10,3,2017,2,67,Late Night,True,True,0.9749279121818236,-0.2225209339563143,-0.0027397225999967,0.9999962469529948,-0.0832369162003098,0.9965297867005596,-0.041654611386019,0.999132070023918,0,1,0,0,0,0,0,0,1,2372562.8786120294,1437469.720104067,2346231.5614151936,Train,Actual,9.875000000000002,,905387.9145979732,933771.0561173112,923488.2412516696,,
100017,2017-03-09 00:00:00,921539.0,927239.7894132138,medium,low,2,Thursday,0,9,10,3,2017,3,68,Late Night,True,True,0.4338837391175582,-0.900968867902419,-0.0027397225999614,0.9999962469529948,-0.0832369162003098,0.9965297867005596,-0.041654611386019,0.999132070023918,0,1,0,0,0,0,0,0,1,2372562.8786120294,1437469.720104067,2346231.5614151936,Train,Actual,11.222222222222216,,916974.8390626276,923488.2412516696,927239.7894132138,,
100017,2017-03-10 00:00:00,956753.0,908664.2666590554,medium,low,2,Friday,0,10,10,3,2017,4,69,Late Night,True,True,-0.433883739117558,-0.9009688679024191,-0.0027397225999829,0.9999962469529948,-0.0832369162003098,0.9965297867005596,-0.041654611386019,0.999132070023918,0,1,0,0,0,0,0,0,1,2372562.8786120294,1437469.720104067,2346231.5614151936,Train,Actual,12.611111111111114,,893136.4301732742,927239.7894132138,908664.2666590554,,
100017,2017-03-11 00:00:00,958202.0,796596.5908162112,medium,low,2,Saturday,0,11,10,3,2017,5,70,Late Night,True,True,-0.9749279121818236,-0.2225209339563146,-0.0027397226000045,0.9999962469529948,-0.0832369162003098,0.9965297867005596,-0.041654611386019,0.999132070023918,0,1,0,0,0,0,0,0,1,2372562.8786120294,1437469.720104067,2346231.5614151936,Train,Actual,8.902083333333332,,805268.026423894,908664.2666590554,796596.5908162112,,
100017,2017-03-12 00:00:00,967448.0,750073.8207100555,medium,low,2,Sunday,0,12,10,3,2017,6,71,Late Night,True,True,-0.7818314824680299,0.6234898018587334,-0.0027397225999692,0.9999962469529948,-0.0832369162003098,0.9965297867005596,-0.041654611386019,0.999132070023918,0,1,0,0,0,0,0,0,1,2372562.8786120294,1437469.720104067,2346231.5614151936,Train,Actual,8.98090277777778,,,,750073.8207100555,,
100017,2017-03-13 00:00:00,973322.0,906867.0964445248,medium,low,2,Monday,0,13,11,3,2017,0,72,Late Night,True,True,0.0,1.0,-0.0027397225999908,0.9999962469529948,-0.0832369162003098,0.9965297867005596,-0.041654611386019,0.999132070023918,0,1,0,0,0,0,0,0,1,2372562.8786120294,1437469.720104067,2346231.5614151936,Train,Actual,7.781111111111108,,,,906867.0964445248,,
100017,2017-03-14 00:00:00,952132.0,913269.7386402264,medium,low,2,Tuesday,0,14,11,3,2017,1,73,Late Night,True,True,0.7818314824680298,0.6234898018587336,-0.0027397226000123,0.9999962469529948,-0.0832369162003098,0.9965297867005596,-0.041654611386019,0.999132070023918,0,1,0,0,0,0,0,0,1,2372562.8786120294,1437469.720104067,2346231.5614151936,Train,Actual,11.611111111111109,,,,913269.7386402264,,
100017,2017-03-15 00:00:00,952227.0,909193.0563046822,medium,low,2,Wednesday,0,15,11,3,2017,2,74,Late Night,True,True,0.9749279121818236,-0.2225209339563143,-0.0027397225999771,0.9999962469529948,-0.0832369162003098,0.9965297867005596,-0.041654611386019,0.999132070023918,0,1,0,0,0,0,0,0,1,2372562.8786120294,1437469.720104067,2346231.5614151936,Train,Actual,11.805555555555555,,,,909193.0563046822,,
100017,2017-03-16 00:00:00,933995.0,899464.0414057447,medium,low,2,Thursday,0,16,11,3,2017,3,75,Late Night,True,True,0.4338837391175582,-0.900968867902419,-0.0027397225999986,0.9999962469529948,-0.0832369162003098,0.9965297867005596,-0.041654611386019,0.999132070023918,0,1,0,0,0,0,0,0,1,2372562.8786120294,1437469.720104067,2346231.5614151936,Train,Actual,12.027777777777779,,,,899464.0414057447,,
100017,2017-03-17 00:00:00,964107.0,883632.5081640297,medium,low,2,Friday,0,17,11,3,2017,4,76,Late Night,True,True,-0.433883739117558,-0.9009688679024191,-0.0027397226000202,0.9999962469529948,-0.0832369162003098,0.9965297867005596,-0.041654611386019,0.999132070023918,0,1,0,0,0,0,0,0,1,2372562.8786120294,1437469.720104067,2346231.5614151936,Train,Actual,13.972222222222223,,,,883632.5081640297,,
100017,2017-03-18 00:00:00,930663.0,787067.6584858896,medium,low,2,Saturday,0,18,11,3,2017,5,77,Late Night,True,True,-0.9749279121818236,-0.2225209339563146,-0.0027397225999849,0.9999962469529948,-0.0832369162003098,0.9965297867005596,-0.041654611386019,0.999132070023918,0,1,0,0,0,0,0,0,1,2372562.8786120294,1437469.720104067,2346231.5614151936,Train,Actual,14.131944444444448,,,,787067.6584858896,,
100017,2017-03-19 16:00:00,,778444.7052035423,medium,low,2,Sunday,16,19,11,3,2017,6,78,Noon,False,True,-0.7818314824680299,0.6234898018587334,-0.0027397226000065,0.9999962469529948,-0.0832369162003098,0.9965297867005596,-0.0416546113860277,0.9991320700239178,0,1,0,0,0,0,0,0,1,,,,Test,Daily,9.33333333333333,1.0,,,,30366.1026904397,9.33333333333333
100017,2017-03-20 16:00:00,,917681.5694153187,medium,low,2,Monday,16,20,12,3,2017,0,79,Noon,False,True,0.0,1.0,-0.0027397225999712,0.9999962469529948,-0.0832369162003098,0.9965297867005596,-0.0416546113860277,0.9991320700239178,0,1,0,0,0,0,0,0,1,,,,Test,Daily,12.25,1.0,,778444.7052035423,,36518.3439334541,12.25
100017,2017-03-21 16:00:00,,978604.9834122972,medium,low,2,Tuesday,16,21,12,3,2017,1,80,Noon,False,True,0.7818314824680298,0.6234898018587336,-0.0027397225999927,0.9999962469529948,-0.0832369162003098,0.9965297867005596,-0.0416546113860277,0.9991320700239178,0,1,0,0,0,0,0,0,1,,,,Test,Daily,13.1388888888889,1.0,,917681.5694153187,,36794.3506910534,13.1388888888889
100017,2017-03-22 16:00:00,,948314.84484572,medium,low,2,Wednesday,16,22,12,3,2017,2,81,Noon,False,True,0.9749279121818236,-0.2225209339563143,-0.0027397226000143,0.9999962469529948,-0.0832369162003098,0.9965297867005596,-0.0416546113860277,0.9991320700239178,0,1,0,0,0,0,0,0,1,,,,Test,Daily,14.2638888888889,1.0,,978604.9834122972,,37258.8280824826,14.2638888888889
100017,2017-03-23 16:00:00,,941002.6712739874,medium,low,2,Thursday,16,23,12,3,2017,3,82,Noon,False,True,0.4338837391175582,-0.900968867902419,-0.002739722599979,0.9999962469529948,-0.0832369162003098,0.9965297867005596,-0.0416546113860277,0.9991320700239178,0,1,0,0,0,0,0,0,1,,,,Test,Daily,14.6111111111111,1.0,,948314.84484572,,36234.5958859976,14.6111111111111
100017,2017-03-24 16:00:00,,962801.926889361,medium,low,2,Friday,16,24,12,3,2017,4,83,Noon,False,True,-0.433883739117558,-0.9009688679024191,-0.0027397225998869,0.9999962469529952,-0.0832369162003098,0.9965297867005596,-0.0416546113860277,0.9991320700239178,0,1,0,0,0,0,0,0,1,,,,Test,Daily,15.1145833333333,1.0,,941002.6712739874,,32834.2343162427,15.1145833333333
100017,2017-03-25 16:00:00,,885767.6556110602,medium,low,2,Saturday,16,25,12,3,2017,5,84,Noon,False,True,-0.9749279121818236,-0.2225209339563146,-0.0027397225999084,0.999996246952995,-0.0832369162003098,0.9965297867005596,-0.0416546113860277,0.9991320700239178,0,1,0,0,0,0,0,0,1,,,,Test,Daily,13.3287037037037,1.0,,962801.926889361,,31797.9733462874,13.3287037037037
100017,2017-03-26 16:00:00,,864148.3720609271,medium,low,2,Sunday,16,26,12,3,2017,6,85,Noon,False,True,-0.7818314824680299,0.6234898018587334,-0.00273972259993,0.999996246952995,-0.0832369162003098,0.9965297867005596,-0.0416546113860277,0.9991320700239178,0,1,0,0,0,0,0,0,1,,,,Test,Daily,9.65277777777778,1.0,778444.7052035423,885767.6556110602,,37360.655818296,9.65277777777778
100036,2016-08-12 00:00:00,938051.0,2534842.552815198,large,low,2,Friday,0,12,32,8,2016,4,225,Late Night,True,True,-0.433883739117558,-0.9009688679024191,-0.0027397225999927,0.9999962469529948,-0.0832369162003145,0.9965297867005593,-0.041654611386019,0.999132070023918,1,0,0,0,0,0,0,0,1,2372562.8786120294,4992869.655761318,2346231.5614151936,Train,Actual,28.400000000000002,,,,2534842.552815198,,
100036,2016-08-13 00:00:00,990715.0,2154765.8077780297,large,low,2,Saturday,0,13,32,8,2016,5,226,Late Night,True,True,-0.9749279121818236,-0.2225209339563146,-0.0027397226000143,0.9999962469529948,-0.0832369162003145,0.9965297867005593,-0.041654611386019,0.999132070023918,1,0,0,0,0,0,0,0,1,2372562.8786120294,4992869.655761318,2346231.5614151936,Train,Actual,26.886111111111106,,,2534842.552815198,2154765.8077780297,,
100036,2016-08-14 00:00:00,964259.0,2177708.266935709,large,low,2,Sunday,0,14,32,8,2016,6,227,Late Night,True,True,-0.7818314824680299,0.6234898018587334,-0.0027397226000358,0.9999962469529948,-0.0832369162003145,0.9965297867005593,-0.041654611386019,0.999132070023918,1,0,0,0,0,0,0,0,1,2372562.8786120294,4992869.655761318,2346231.5614151936,Train,Actual,27.0,,,2154765.8077780297,2177708.266935709,,
100036,2016-08-15 00:00:00,917590.0,2164401.2959758947,large,low,2,Monday,0,15,33,8,2016,0,228,Late Night,True,True,0.0,1.0,-0.0027397226000574,0.9999962469529948,-0.0832369162003145,0.9965297867005593,-0.041654611386019,0.999132070023918,1,0,0,0,0,0,0,0,1,2372562.8786120294,4992869.655761318,2346231.5614151936,Train,Actual,28.0625,,,2177708.266935709,2164401.2959758947,,
100036,2016-08-16 00:00:00,958151.0,2698151.79508809,large,low,2,Tuesday,0,16,33,8,2016,1,229,Late Night,True,True,0.7818314824680298,0.6234898018587336,-0.002739722600079,0.9999962469529946,-0.0832369162003145,0.9965297867005593,-0.041654611386019,0.999132070023918,1,0,0,0,0,0,0,0,1,2372562.8786120294,4992869.655761318,2346231.5614151936,Train,Actual,26.441666666666666,,,2164401.2959758947,2698151.79508809,,
100036,2016-08-17 00:00:00,953317.0,2697753.92177723,large,low,2,Wednesday,0,17,33,8,2016,2,230,Late Night,True,True,0.9749279121818236,-0.2225209339563143,-0.0027397225998732,0.9999962469529952,-0.0832369162003145,0.9965297867005593,-0.041654611386019,0.999132070023918,1,0,0,0,0,0,0,0,1,2372562.8786120294,4992869.655761318,2346231.5614151936,Train,Actual,26.2625,,,2698151.79508809,2697753.92177723,,
100036,2016-08-18 00:00:00,940814.0,2692607.661794537,large,low,2,Thursday,0,18,33,8,2016,3,231,Late Night,True,True,0.4338837391175582,-0.900968867902419,-0.0027397225998947,0.9999962469529952,-0.0832369162003145,0.9965297867005593,-0.041654611386019,0.999132070023918,1,0,0,0,0,0,0,0,1,2372562.8786120294,4992869.655761318,2346231.5614151936,Train,Actual,25.687500000000004,,,2697753.92177723,2692607.661794537,,
100036,2016-08-19 00:00:00,960467.0,2679031.266256688,large,low,2,Friday,0,19,33,8,2016,4,232,Late Night,True,True,-0.433883739117558,-0.9009688679024191,-0.0027397225999163,0.999996246952995,-0.0832369162003145,0.9965297867005593,-0.041654611386019,0.999132070023918,1,0,0,0,0,0,0,0,1,2372562.8786120294,4992869.655761318,2346231.5614151936,Train,Actual,24.19155282331512,,2534842.552815198,2692607.661794537,2679031.266256688,,
100036,2016-08-20 00:00:00,982015.0,1999928.315516544,large,low,2,Saturday,0,20,33,8,2016,5,233,Late Night,True,True,-0.9749279121818236,-0.2225209339563146,-0.0027397225999378,0.999996246952995,-0.0832369162003145,0.9965297867005593,-0.041654611386019,0.999132070023918,1,0,0,0,0,0,0,0,1,2372562.8786120294,4992869.655761318,2346231.5614151936,Train,Actual,24.793336753305976,,2154765.8077780297,2679031.266256688,1999928.315516544,,
100036,2016-08-21 00:00:00,966005.0,2002797.0548062008,large,low,2,Sunday,0,21,33,8,2016,6,234,Late Night,True,True,-0.7818314824680299,0.6234898018587334,-0.0027397225999594,0.9999962469529948,-0.0832369162003145,0.9965297867005593,-0.041654611386019,0.999132070023918,1,0,0,0,0,0,0,0,1,2372562.8786120294,4992869.655761318,2346231.5614151936,Train,Actual,24.49741161616161,,2177708.266935709,1999928.315516544,2002797.0548062008,,
100036,2016-08-22 00:00:00,955283.0,2662796.25082396,large,low,2,Monday,0,22,34,8,2016,0,235,Late Night,True,True,0.0,1.0,-0.002739722599981,0.9999962469529948,-0.0832369162003145,0.9965297867005593,-0.041654611386019,0.999132070023918,1,0,0,0,0,0,0,0,1,2372562.8786120294,4992869.655761318,2346231.5614151936,Train,Actual,21.90694444444445,,2164401.2959758947,2002797.0548062008,2662796.25082396,,
100036,2016-08-23 00:00:00,941580.0,2727534.901030896,large,low,2,Tuesday,0,23,34,8,2016,1,236,Late Night,True,True,0.7818314824680298,0.6234898018587336,-0.0027397226000025,0.9999962469529948,-0.0832369162003145,0.9965297867005593,-0.041654611386019,0.999132070023918,1,0,0,0,0,0,0,0,1,2372562.8786120294,4992869.655761318,2346231.5614151936,Train,Actual,23.371239316239315,,2698151.79508809,2662796.25082396,2727534.901030896,,
100036,2016-08-24 00:00:00,995286.0,2750705.781389006,large,low,2,Wednesday,0,24,34,8,2016,2,237,Late Night,True,True,0.9749279121818236,-0.2225209339563143,-0.0027397226000241,0.9999962469529948,-0.0832369162003145,0.9965297867005593,-0.041654611386019,0.999132070023918,1,0,0,0,0,0,0,0,1,2372562.8786120294,4992869.655761318,2346231.5614151936,Train,Actual,27.14861111111111,,,,2750705.781389006,,
100036,2016-08-25 00:00:00,960996.0,2762342.8577142246,large,low,2,Thursday,0,25,34,8,2016,3,238,Late Night,True,True,0.4338837391175582,-0.900968867902419,-0.0027397226000456,0.9999962469529948,-0.0832369162003145,0.9965297867005593,-0.041654611386019,0.999132070023918,1,0,0,0,0,0,0,0,1,2372562.8786120294,4992869.655761318,2346231.5614151936,Train,Actual,27.641666666666666,,,,2762342.8577142246,,
100036,2016-08-26 00:00:00,949489.0,2641685.9276832044,large,low,2,Friday,0,26,34,8,2016,4,239,Late Night,True,True,-0.433883739117558,-0.9009688679024191,-0.0027397226000672,0.9999962469529946,-0.0832369162003145,0.9965297867005593,-0.041654611386019,0.999132070023918,1,0,0,0,0,0,0,0,1,2372562.8786120294,4992869.655761318,2346231.5614151936,Train,Actual,28.658760683760686,,,,2641685.9276832044,,
100036,2016-08-27 00:00:00,987161.0,1956094.1771600917,large,low,2,Saturday,0,27,34,8,2016,5,240,Late Night,True,True,-0.9749279121818236,-0.2225209339563146,-0.0027397226000888,0.9999962469529946,-0.0832369162003145,0.9965297867005593,-0.041654611386019,0.999132070023918,1,0,0,0,0,0,0,0,1,2372562.8786120294,4992869.655761318,2346231.5614151936,Train,Actual,25.523611111111112,,,,1956094.1771600917,,
100036,2016-08-28 00:00:00,976222.0,1992830.0869931057,large,low,2,Sunday,0,28,34,8,2016,6,241,Late Night,True,True,-0.7818314824680299,0.6234898018587334,-0.002739722599883,0.9999962469529952,-0.0832369162003145,0.9965297867005593,-0.041654611386019,0.999132070023918,1,0,0,0,0,0,0,0,1,2372562.8786120294,4992869.655761318,2346231.5614151936,Train,Actual,27.38611111111111,,,,1992830.0869931057,,
100036,2016-08-29 00:00:00,966496.0,2726073.323109053,large,low,2,Monday,0,29,35,8,2016,0,242,Late Night,True,True,0.0,1.0,-0.0027397225999045,0.9999962469529952,-0.0832369162003145,0.9965297867005593,-0.041654611386019,0.999132070023918,1,0,0,0,0,0,0,0,1,2372562.8786120294,4992869.655761318,2346231.5614151936,Train,Actual,27.705555555555552,,,,2726073.323109053,,
100036,2016-08-30 00:00:00,932932.0,2694771.0024412978,large,low,2,Tuesday,0,30,35,8,2016,1,243,Late Night,True,True,0.7818314824680298,0.6234898018587336,-0.0027397225999261,0.999996246952995,-0.0832369162003145,0.9965297867005593,-0.041654611386019,0.999132070023918,1,0,0,0,0,0,0,0,1,2372562.8786120294,4992869.655761318,2346231.5614151936,Train,Actual,28.614879669540233,,,,2694771.0024412978,,
100036,2016-08-31 16:00:00,,2814808.1031603487,large,low,2,Wednesday,16,31,35,8,2016,2,244,Noon,False,True,0.9749279121818236,-0.2225209339563143,-0.0027397225999476,0.9999962469529948,-0.0832369162003145,0.9965297867005593,-0.0416546113860277,0.9991320700239178,1,0,0,0,0,0,0,0,1,,,,Test,Daily,22.9666666666667,1.0,,,,82501.3622717454,22.9666666666667
100036,2016-09-01 16:00:00,,2664132.2338361503,large,low,2,Thursday,16,1,35,9,2016,3,245,Noon,False,True,0.4338837391175582,-0.900968867902419,-0.0027397225999692,0.9999962469529948,-0.0832369162003148,0.996529786700559,-0.0416546113860277,0.9991320700239178,1,0,0,0,0,0,0,0,1,,,,Test,Daily,23.1208333333333,1.0,,2814808.1031603487,,113305.686937537,23.1208333333333
100036,2016-09-02 16:00:00,,2391974.019040769,large,low,2,Friday,16,2,35,9,2016,4,246,Noon,False,True,-0.433883739117558,-0.9009688679024191,-0.0027397225999908,0.9999962469529948,-0.0832369162003148,0.996529786700559,-0.0416546113860277,0.9991320700239178,1,0,0,0,0,0,0,0,1,,,,Test,Daily,23.6069444444444,1.0,,2664132.2338361503,,81989.538069099,23.6069444444444
100036,2016-09-03 16:00:00,,1939313.0450427243,large,low,2,Saturday,16,3,35,9,2016,5,247,Noon,False,True,-0.9749279121818236,-0.2225209339563146,-0.0027397226000123,0.9999962469529948,-0.0832369162003148,0.996529786700559,-0.0416546113860277,0.9991320700239178,1,0,0,0,0,0,0,0,1,,,,Test,Daily,25.8847222222222,1.0,,2391974.019040769,,81076.9379319924,25.8847222222222
100036,2016-09-04 16:00:00,,1884506.537824673,large,low,2,Sunday,16,4,35,9,2016,6,248,Noon,False,True,-0.7818314824680299,0.6234898018587334,-0.0027397226000339,0.9999962469529948,-0.0832369162003148,0.996529786700559,-0.0416546113860277,0.9991320700239178,1,0,0,0,0,0,0,0,1,,,,Test,Daily,26.6666666666667,1.0,,1939313.0450427243,,117221.807399665,26.6666666666667
100036,2016-09-05 16:00:00,,2639070.919790508,large,low,2,Monday,16,5,36,9,2016,0,249,Noon,False,True,0.0,1.0,-0.0027397226000554,0.9999962469529948,-0.0832369162003148,0.996529786700559,-0.0416546113860277,0.9991320700239178,1,0,0,0,0,0,0,0,1,,,,Test,Daily,26.8638888888889,1.0,,1884506.537824673,,116927.858198364,26.8638888888889
100036,2016-09-06 16:00:00,,2542321.937218603,large,low,2,Tuesday,16,6,36,9,2016,1,250,Noon,False,True,0.7818314824680298,0.6234898018587336,-0.002739722600077,0.9999962469529946,-0.0832369162003148,0.996529786700559,-0.0416546113860277,0.9991320700239178,1,0,0,0,0,0,0,0,1,,,,Test,Daily,26.8194444444444,1.0,,2639070.919790508,,114626.075136646,26.8194444444444
100036,2016-09-07 16:00:00,,2822307.771869116,large,low,2,Wednesday,16,7,36,9,2016,2,251,Noon,False,True,0.9749279121818236,-0.2225209339563143,-0.0027397225998712,0.9999962469529952,-0.0832369162003148,0.996529786700559,-0.0416546113860277,0.9991320700239178,1,0,0,0,0,0,0,0,1,,,,Test,Daily,27.0555555555556,1.0,2814808.1031603487,2542321.937218603,,114665.759602825,27.0555555555556
100137,2017-09-12 00:00:00,982412.0,10477363.875774458,x-large,low,2,Tuesday,0,12,37,9,2017,1,255,Late Night,True,True,0.7818314824680298,0.6234898018587336,-0.0027397225999574,0.9999962469529948,-0.0832369162003148,0.996529786700559,-0.041654611386019,0.999132070023918,0,0,0,1,0,0,0,0,1,2372562.8786120294,2147128.9628877603,2346231.5614151936,Train,Actual,17.819444444444443,,,,10477363.875774458,,
100137,2017-09-13 00:00:00,956995.0,10411260.137776494,x-large,low,2,Wednesday,0,13,37,9,2017,2,256,Late Night,True,True,0.9749279121818236,-0.2225209339563143,-0.002739722599979,0.9999962469529948,-0.0832369162003148,0.996529786700559,-0.041654611386019,0.999132070023918,0,0,0,1,0,0,0,0,1,2372562.8786120294,2147128.9628877603,2346231.5614151936,Train,Actual,19.77777777777778,,,10477363.875774458,10411260.137776494,,
100137,2017-09-14 00:00:00,967353.0,9235031.287810683,x-large,low,2,Thursday,0,14,37,9,2017,3,257,Late Night,True,True,0.4338837391175582,-0.900968867902419,-0.0027397226000006,0.9999962469529948,-0.0832369162003148,0.996529786700559,-0.041654611386019,0.999132070023918,0,0,0,1,0,0,0,0,1,2372562.8786120294,2147128.9628877603,2346231.5614151936,Train,Actual,19.9375,,,10411260.137776494,9235031.287810683,,
100137,2017-09-15 00:00:00,948458.0,9855018.628249971,x-large,low,2,Friday,0,15,37,9,2017,4,258,Late Night,True,True,-0.433883739117558,-0.9009688679024191,-0.0027397226000221,0.9999962469529948,-0.0832369162003148,0.996529786700559,-0.041654611386019,0.999132070023918,0,0,0,1,0,0,0,0,1,2372562.8786120294,2147128.9628877603,2346231.5614151936,Train,Actual,18.61111111111111,,,9235031.287810683,9855018.628249971,,
100137,2017-09-16 00:00:00,954575.0,1712229.785656243,x-large,low,2,Saturday,0,16,37,9,2017,5,259,Late Night,True,True,-0.9749279121818236,-0.2225209339563146,-0.0027397226000437,0.9999962469529948,-0.0832369162003148,0.996529786700559,-0.041654611386019,0.999132070023918,0,0,0,1,0,0,0,0,1,2372562.8786120294,2147128.9628877603,2346231.5614151936,Train,Actual,18.25000000000001,,,9855018.628249971,1712229.785656243,,
100137,2017-09-17 00:00:00,966878.0,489085.32157243486,x-large,low,2,Sunday,0,17,37,9,2017,6,260,Late Night,True,True,-0.7818314824680299,0.6234898018587334,-0.0027397226000652,0.9999962469529948,-0.0832369162003148,0.996529786700559,-0.041654611386019,0.999132070023918,0,0,0,1,0,0,0,0,1,2372562.8786120294,2147128.9628877603,2346231.5614151936,Train,Actual,20.138888888888903,,,1712229.785656243,489085.32157243486,,
100137,2017-09-18 00:00:00,950399.0,9516888.763897529,x-large,low,2,Monday,0,18,38,9,2017,0,261,Late Night,True,True,0.0,1.0,-0.0027397226000868,0.9999962469529946,-0.0832369162003148,0.996529786700559,-0.041654611386019,0.999132070023918,0,0,0,1,0,0,0,0,1,2372562.8786120294,2147128.9628877603,2346231.5614151936,Train,Actual,22.0,,,489085.32157243486,9516888.763897529,,
100137,2017-09-19 00:00:00,949830.0,9896660.01591645,x-large,low,2,Tuesday,0,19,38,9,2017,1,262,Late Night,True,True,0.7818314824680298,0.6234898018587336,-0.002739722599881,0.9999962469529952,-0.0832369162003148,0.996529786700559,-0.041654611386019,0.999132070023918,0,0,0,1,0,0,0,0,1,2372562.8786120294,2147128.9628877603,2346231.5614151936,Train,Actual,16.381944444444446,,10477363.875774458,9516888.763897529,9896660.01591645,,
100137,2017-09-20 00:00:00,967790.0,11444614.789218113,x-large,low,2,Wednesday,0,20,38,9,2017,2,263,Late Night,True,True,0.9749279121818236,-0.2225209339563143,-0.0027397225999026,0.9999962469529952,-0.0832369162003148,0.996529786700559,-0.041654611386019,0.999132070023918,0,0,0,1,0,0,0,0,1,2372562.8786120294,2147128.9628877603,2346231.5614151936,Train,Actual,18.423611111111118,,10411260.137776494,9896660.01591645,11444614.789218113,,
100137,2017-09-21 00:00:00,945268.0,10999464.387791216,x-large,low,2,Thursday,0,21,38,9,2017,3,264,Late Night,True,True,0.4338837391175582,-0.900968867902419,-0.0027397225999241,0.999996246952995,-0.0832369162003148,0.996529786700559,-0.041654611386019,0.999132070023918,0,0,0,1,0,0,0,0,1,2372562.8786120294,2147128.9628877603,2346231.5614151936,Train,Actual,23.166666666666696,,9235031.287810683,11444614.789218113,10999464.387791216,,
100137,2017-09-22 00:00:00,931753.0,9897954.993458482,x-large,low,2,Friday,0,22,38,9,2017,4,265,Late Night,True,True,-0.433883739117558,-0.9009688679024191,-0.0027397225999457,0.9999962469529948,-0.0832369162003148,0.996529786700559,-0.041654611386019,0.999132070023918,0,0,0,1,0,0,0,0,1,2372562.8786120294,2147128.9628877603,2346231.5614151936,Train,Actual,23.166666666666696,,9855018.628249971,10999464.387791216,9897954.993458482,,
100137,2017-09-23 00:00:00,966780.0,4272759.686372535,x-large,low,2,Saturday,0,23,38,9,2017,5,266,Late Night,True,True,-0.9749279121818236,-0.2225209339563146,-0.0027397225999672,0.9999962469529948,-0.0832369162003148,0.996529786700559,-0.041654611386019,0.999132070023918,0,0,0,1,0,0,0,0,1,2372562.8786120294,2147128.9628877603,2346231.5614151936,Train,Actual,23.166666666666696,,1712229.785656243,9897954.993458482,4272759.686372535,,
100137,2017-09-24 00:00:00,950167.0,4010807.437336327,x-large,low,2,Sunday,0,24,38,9,2017,6,267,Late Night,True,True,-0.7818314824680299,0.6234898018587334,-0.0027397225999888,0.9999962469529948,-0.0832369162003148,0.996529786700559,-0.041654611386019,0.999132070023918,0,0,0,1,0,0,0,0,1,2372562.8786120294,2147128.9628877603,2346231.5614151936,Train,Actual,23.166666666666696,,,,4010807.437336327,,
100137,2017-09-25 00:00:00,974470.0,10694456.006837416,x-large,low,2,Monday,0,25,39,9,2017,0,268,Late Night,True,True,0.0,1.0,-0.0027397226000104,0.9999962469529948,-0.0832369162003148,0.996529786700559,-0.041654611386019,0.999132070023918,0,0,0,1,0,0,0,0,1,2372562.8786120294,2147128.9628877603,2346231.5614151936,Train,Actual,23.166666666666696,,,,10694456.006837416,,
100137,2017-09-26 00:00:00,930821.0,11072043.01349932,x-large,low,2,Tuesday,0,26,39,9,2017,1,269,Late Night,True,True,0.7818314824680298,0.6234898018587336,-0.0027397226000319,0.9999962469529948,-0.0832369162003148,0.996529786700559,-0.041654611386019,0.999132070023918,0,0,0,1,0,0,0,0,1,2372562.8786120294,2147128.9628877603,2346231.5614151936,Train,Actual,23.166666666666696,,,,11072043.01349932,,
100137,2017-09-27 00:00:00,955502.0,11913666.13452764,x-large,low,2,Wednesday,0,27,39,9,2017,2,270,Late Night,True,True,0.9749279121818236,-0.2225209339563143,-0.0027397226000535,0.9999962469529948,-0.0832369162003148,0.996529786700559,-0.041654611386019,0.999132070023918,0,0,0,1,0,0,0,0,1,2372562.8786120294,2147128.9628877603,2346231.5614151936,Train,Actual,23.166666666666696,,,,11913666.13452764,,
100137,2017-09-28 00:00:00,961629.0,12492820.512586802,x-large,low,2,Thursday,0,28,39,9,2017,3,271,Late Night,True,True,0.4338837391175582,-0.900968867902419,-0.002739722600075,0.9999962469529946,-0.0832369162003148,0.996529786700559,-0.041654611386019,0.999132070023918,0,0,0,1,0,0,0,0,1,2372562.8786120294,2147128.9628877603,2346231.5614151936,Train,Actual,23.166666666666696,,,,12492820.512586802,,
100137,2017-09-29 00:00:00,947083.0,12647065.063055158,x-large,low,2,Friday,0,29,39,9,2017,4,272,Late Night,True,True,-0.433883739117558,-0.9009688679024191,-0.0027397225998692,0.9999962469529952,-0.0832369162003148,0.996529786700559,-0.041654611386019,0.999132070023918,0,0,0,1,0,0,0,0,1,2372562.8786120294,2147128.9628877603,2346231.5614151936,Train,Actual,23.166666666666696,,,,12647065.063055158,,
100137,2017-09-30 00:00:00,960045.0,5808221.294832321,x-large,low,2,Saturday,0,30,39,9,2017,5,273,Late Night,True,True,-0.9749279121818236,-0.2225209339563146,-0.0027397225998908,0.9999962469529952,-0.0832369162003148,0.996529786700559,-0.041654611386019,0.999132070023918,0,0,0,1,0,0,0,0,1,2372562.8786120294,2147128.9628877603,2346231.5614151936,Train,Actual,23.166666666666696,,,,5808221.294832321,,
100137,2017-10-01 16:00:00,,3854490.795980911,x-large,low,2,Sunday,16,1,39,10,2017,6,274,Noon,False,True,-0.7818314824680299,0.6234898018587334,-0.0027397225999124,0.999996246952995,-0.083236916200315,0.996529786700559,-0.0416546113860277,0.9991320700239178,0,0,0,1,0,0,0,0,1,,,,Test,Daily,13.6666666666667,1.0,,,,36012.3523392826,
100137,2017-10-02 16:00:00,,9302455.773052344,x-large,low,2,Monday,16,2,40,10,2017,0,275,Noon,False,True,0.0,1.0,-0.0027397225999339,0.999996246952995,-0.083236916200315,0.996529786700559,-0.0416546113860277,0.9991320700239178,0,0,0,1,0,0,0,0,1,,,,Test,Daily,13.6666666666667,1.0,,3854490.795980911,,373070.928430321,13.6666666666667
100137,2017-10-03 16:00:00,,8794029.35686652,x-large,low,2,Tuesday,16,3,40,10,2017,1,276,Noon,False,True,0.7818314824680298,0.6234898018587336,-0.0027397225999555,0.9999962469529948,-0.083236916200315,0.996529786700559,-0.0416546113860277,0.9991320700239178,0,0,0,1,0,0,0,0,1,,,,Test,Daily,17.5625,1.0,,9302455.773052344,,370084.745150361,17.5625
100137,2017-10-04 16:00:00,,8548505.073699307,x-large,low,2,Wednesday,16,4,40,10,2017,2,277,Noon,False,True,0.9749279121818236,-0.2225209339563143,-0.002739722599977,0.9999962469529948,-0.083236916200315,0.996529786700559,-0.0416546113860277,0.9991320700239178,0,0,0,1,0,0,0,0,1,,,,Test,Daily,16.9375,1.0,,8794029.35686652,,362921.51075543,16.9375
100137,2017-10-05 16:00:00,,8236755.993348849,x-large,low,2,Thursday,16,5,40,10,2017,3,278,Noon,False,True,0.4338837391175582,-0.900968867902419,-0.0027397225999986,0.9999962469529948,-0.083236916200315,0.996529786700559,-0.0416546113860277,0.9991320700239178,0,0,0,1,0,0,0,0,1,,,,Test,Daily,18.0125,1.0,,8548505.073699307,,386182.139393892,18.0125
100137,2017-10-06 16:00:00,,8278885.593127953,x-large,low,2,Friday,16,6,40,10,2017,4,279,Noon,False,True,-0.433883739117558,-0.9009688679024191,-0.0027397226000202,0.9999962469529948,-0.083236916200315,0.996529786700559,-0.0416546113860277,0.9991320700239178,0,0,0,1,0,0,0,0,1,,,,Test,Daily,15.6458333333333,1.0,,8236755.993348849,,39827.1091592591,15.6458333333333
100137,2017-10-07 16:00:00,,5105634.341214285,x-large,low,2,Saturday,16,7,40,10,2017,5,280,Noon,False,True,-0.9749279121818236,-0.2225209339563146,-0.0027397226000417,0.9999962469529948,-0.083236916200315,0.996529786700559,-0.0416546113860277,0.9991320700239178,0,0,0,1,0,0,0,0,1,,,,Test,Daily,16.0550595238095,1.0,,8278885.593127953,,32750.2689789577,16.0550595238095
100137,2017-10-08 16:00:00,,4094797.2763701743,x-large,low,2,Sunday,16,8,40,10,2017,6,281,Noon,False,True,-0.7818314824680299,0.6234898018587334,-0.0027397226000633,0.9999962469529948,-0.083236916200315,0.996529786700559,-0.0416546113860277,0.9991320700239178,0,0,0,1,0,0,0,0,1,,,,Test,Daily,16.0550595238095,1.0,3854490.795980911,5105634.341214285,,372602.65307348,
100481,2017-06-20 00:00:00,969864.0,757709.1144445501,medium,low,2,Tuesday,0,20,25,6,2017,1,171,Late Night,True,True,0.7818314824680298,0.6234898018587336,-0.0027397225999653,0.9999962469529948,-0.083236916200314,0.9965297867005593,-0.041654611386019,0.999132070023918,0,1,0,0,0,0,0,0,1,2372562.8786120294,1437469.720104067,2346231.5614151936,Train,Actual,26.819444444444446,,,,757709.1144445501,,
100481,2017-06-21 00:00:00,963235.0,753953.9933799951,medium,low,2,Wednesday,0,21,25,6,2017,2,172,Late Night,True,True,0.9749279121818236,-0.2225209339563143,-0.0027397225999868,0.9999962469529948,-0.083236916200314,0.9965297867005593,-0.041654611386019,0.999132070023918,0,1,0,0,0,0,0,0,1,2372562.8786120294,1437469.720104067,2346231.5614151936,Train,Actual,28.204745370370375,,,757709.1144445501,753953.9933799951,,
100481,2017-06-22 00:00:00,953950.0,753700.3172662148,medium,low,2,Thursday,0,22,25,6,2017,3,173,Late Night,True,True,0.4338837391175582,-0.900968867902419,-0.0027397226000084,0.9999962469529948,-0.083236916200314,0.9965297867005593,-0.041654611386019,0.999132070023918,0,1,0,0,0,0,0,0,1,2372562.8786120294,1437469.720104067,2346231.5614151936,Train,Actual,28.730000000000008,,,753953.9933799951,753700.3172662148,,
100481,2017-06-23 00:00:00,915508.0,750341.7884358802,medium,low,2,Friday,0,23,25,6,2017,4,174,Late Night,True,True,-0.433883739117558,-0.9009688679024191,-0.00273972260003,0.9999962469529948,-0.083236916200314,0.9965297867005593,-0.041654611386019,0.999132070023918,0,1,0,0,0,0,0,0,1,2372562.8786120294,1437469.720104067,2346231.5614151936,Train,Actual,29.798611111111125,,,753700.3172662148,750341.7884358802,,
100481,2017-06-24 00:00:00,935362.0,642851.0013501198,medium,low,2,Saturday,0,24,25,6,2017,5,175,Late Night,True,True,-0.9749279121818236,-0.2225209339563146,-0.0027397226000515,0.9999962469529948,-0.083236916200314,0.9965297867005593,-0.041654611386019,0.999132070023918,0,1,0,0,0,0,0,0,1,2372562.8786120294,1437469.720104067,2346231.5614151936,Train,Actual,29.7638888888889,,,750341.7884358802,642851.0013501198,,
100481,2017-06-25 00:00:00,979307.0,579371.2335537861,medium,low,2,Sunday,0,25,25,6,2017,6,176,Late Night,True,True,-0.7818314824680299,0.6234898018587334,-0.0027397226000731,0.9999962469529946,-0.083236916200314,0.9965297867005593,-0.041654611386019,0.999132070023918,0,1,0,0,0,0,0,0,1,2372562.8786120294,1437469.720104067,2346231.5614151936,Train,Actual,26.972222222222232,,,642851.0013501198,579371.2335537861,,
100481,2017-06-26 00:00:00,988042.0,744925.267471213,medium,low,2,Monday,0,26,26,6,2017,0,177,Late Night,True,True,0.0,1.0,-0.0027397225998673,0.9999962469529952,-0.083236916200314,0.9965297867005593,-0.041654611386019,0.999132070023918,0,1,0,0,0,0,0,0,1,2372562.8786120294,1437469.720104067,2346231.5614151936,Train,Actual,25.77777777777777,,,579371.2335537861,744925.267471213,,
100481,2017-06-27 00:00:00,950596.0,778481.9725504705,medium,low,2,Tuesday,0,27,26,6,2017,1,178,Late Night,True,True,0.7818314824680298,0.6234898018587336,-0.0027397225998888,0.9999962469529952,-0.083236916200314,0.9965297867005593,-0.041654611386019,0.999132070023918,0,1,0,0,0,0,0,0,1,2372562.8786120294,1437469.720104067,2346231.5614151936,Train,Actual,25.458333333333332,,757709.1144445501,744925.267471213,778481.9725504705,,
100481,2017-06-28 00:00:00,986916.0,804435.5400223322,medium,low,2,Wednesday,0,28,26,6,2017,2,179,Late Night,True,True,0.9749279121818236,-0.2225209339563143,-0.0027397225999104,0.999996246952995,-0.083236916200314,0.9965297867005593,-0.041654611386019,0.999132070023918,0,1,0,0,0,0,0,0,1,2372562.8786120294,1437469.720104067,2346231.5614151936,Train,Actual,24.027777777777775,,753953.9933799951,778481.9725504705,804435.5400223322,,
100481,2017-06-29 00:00:00,929752.0,754747.1778484358,medium,low,2,Thursday,0,29,26,6,2017,3,180,Late Night,True,True,0.4338837391175582,-0.900968867902419,-0.002739722599932,0.999996246952995,-0.083236916200314,0.9965297867005593,-0.041654611386019,0.999132070023918,0,1,0,0,0,0,0,0,1,2372562.8786120294,1437469.720104067,2346231.5614151936,Train,Actual,23.125,,753700.3172662148,804435.5400223322,754747.1778484358,,
100481,2017-06-30 00:00:00,949396.0,755097.3223435134,medium,low,2,Friday,0,30,26,6,2017,4,181,Late Night,True,True,-0.433883739117558,-0.9009688679024191,-0.0027397225999535,0.9999962469529948,-0.083236916200314,0.9965297867005593,-0.041654611386019,0.999132070023918,0,1,0,0,0,0,0,0,1,2372562.8786120294,1437469.720104067,2346231.5614151936,Train,Actual,22.362291666666668,,750341.7884358802,754747.1778484358,755097.3223435134,,
100481,2017-07-01 00:00:00,939991.0,669944.3248824887,medium,low,2,Saturday,0,1,26,7,2017,5,182,Late Night,True,True,-0.9749279121818236,-0.2225209339563146,-0.0027397225999751,0.9999962469529948,-0.0832369162003143,0.9965297867005593,-0.041654611386019,0.999132070023918,0,1,0,0,0,0,0,0,1,2372562.8786120294,1437469.720104067,2346231.5614151936,Train,Actual,22.34722222222223,,642851.0013501198,755097.3223435134,669944.3248824887,,
100481,2017-07-02 00:00:00,970891.0,636601.9939838907,medium,low,2,Sunday,0,2,26,7,2017,6,183,Late Night,True,True,-0.7818314824680299,0.6234898018587334,-0.0027397225999966,0.9999962469529948,-0.0832369162003143,0.9965297867005593,-0.041654611386019,0.999132070023918,0,1,0,0,0,0,0,0,1,2372562.8786120294,1437469.720104067,2346231.5614151936,Train,Actual,22.47083333333333,,,,636601.9939838907,,
100481,2017-07-03 00:00:00,951904.0,768049.0957583674,medium,low,2,Monday,0,3,27,7,2017,0,184,Late Night,True,True,0.0,1.0,-0.0027397226000182,0.9999962469529948,-0.0832369162003143,0.9965297867005593,-0.041654611386019,0.999132070023918,0,1,0,0,0,0,0,0,1,2372562.8786120294,1437469.720104067,2346231.5614151936,Train,Actual,25.947916666666686,,,,768049.0957583674,,
100481,2017-07-04 00:00:00,952536.0,786285.1927264818,medium,low,2,Tuesday,0,4,27,7,2017,1,185,Late Night,True,True,0.7818314824680298,0.6234898018587336,-0.0027397226000398,0.9999962469529948,-0.0832369162003143,0.9965297867005593,-0.041654611386019,0.999132070023918,0,1,0,0,0,0,0,0,1,2372562.8786120294,1437469.720104067,2346231.5614151936,Train,Actual,25.05555555555556,,,,786285.1927264818,,
100481,2017-07-05 00:00:00,931415.0,782312.1245782562,medium,low,2,Wednesday,0,5,27,7,2017,2,186,Late Night,True,True,0.9749279121818236,-0.2225209339563143,-0.0027397226000613,0.9999962469529948,-0.0832369162003143,0.9965297867005593,-0.041654611386019,0.999132070023918,0,1,0,0,0,0,0,0,1,2372562.8786120294,1437469.720104067,2346231.5614151936,Train,Actual,26.402777777777782,,,,782312.1245782562,,
100481,2017-07-06 00:00:00,925969.0,754993.7081561945,medium,low,2,Thursday,0,6,27,7,2017,3,187,Late Night,True,True,0.4338837391175582,-0.900968867902419,-0.0027397225998555,0.9999962469529952,-0.0832369162003143,0.9965297867005593,-0.041654611386019,0.999132070023918,0,1,0,0,0,0,0,0,1,2372562.8786120294,1437469.720104067,2346231.5614151936,Train,Actual,28.152777777777786,,,,754993.7081561945,,
100481,2017-07-07 00:00:00,956416.0,762693.3141448871,medium,low,2,Friday,0,7,27,7,2017,4,188,Late Night,True,True,-0.433883739117558,-0.9009688679024191,-0.0027397225998771,0.9999962469529952,-0.0832369162003143,0.9965297867005593,-0.041654611386019,0.999132070023918,0,1,0,0,0,0,0,0,1,2372562.8786120294,1437469.720104067,2346231.5614151936,Train,Actual,29.6388888888889,,,,762693.3141448871,,
100481,2017-07-08 00:00:00,979937.0,679801.9642898219,medium,low,2,Saturday,0,8,27,7,2017,5,189,Late Night,True,True,-0.9749279121818236,-0.2225209339563146,-0.0027397225998986,0.9999962469529952,-0.0832369162003143,0.9965297867005593,-0.041654611386019,0.999132070023918,0,1,0,0,0,0,0,0,1,2372562.8786120294,1437469.720104067,2346231.5614151936,Train,Actual,29.375,,,,679801.9642898219,,
100481,2017-07-09 16:00:00,,663805.259418593,medium,low,2,Sunday,16,9,27,7,2017,6,190,Noon,False,True,-0.7818314824680299,0.6234898018587334,-0.0027397225999202,0.999996246952995,-0.0832369162003143,0.9965297867005593,-0.0416546113860277,0.9991320700239178,0,1,0,0,0,0,0,0,1,,,,Test,Daily,27.0,1.0,,,,23613.3159996606,27.0
100481,2017-07-10 16:00:00,,764681.282381204,medium,low,2,Monday,16,10,28,7,2017,0,191,Noon,False,True,0.0,1.0,-0.0027397225999418,0.999996246952995,-0.0832369162003143,0.9965297867005593,-0.0416546113860277,0.9991320700239178,0,1,0,0,0,0,0,0,1,,,,Test,Daily,25.8333333333333,1.0,,663805.259418593,,31753.8777682933,25.8333333333333
100481,2017-07-11 16:00:00,,785840.7791458614,medium,low,2,Tuesday,16,11,28,7,2017,1,192,Noon,False,True,0.7818314824680298,0.6234898018587336,-0.0027397225999633,0.9999962469529948,-0.0832369162003143,0.9965297867005593,-0.0416546113860277,0.9991320700239178,0,1,0,0,0,0,0,0,1,,,,Test,Daily,26.1805555555556,1.0,,764681.282381204,,32317.3543473189,26.1805555555556
100481,2017-07-12 16:00:00,,802008.0161751899,medium,low,2,Wednesday,16,12,28,7,2017,2,193,Noon,False,True,0.9749279121818236,-0.2225209339563143,-0.0027397225999849,0.9999962469529948,-0.0832369162003143,0.9965297867005593,-0.0416546113860277,0.9991320700239178,0,1,0,0,0,0,0,0,1,,,,Test,Daily,27.8611111111111,1.0,,785840.7791458614,,31200.3755435068,27.8611111111111
100481,2017-07-13 16:00:00,,790724.5448488973,medium,low,2,Thursday,16,13,28,7,2017,3,194,Noon,False,True,0.4338837391175582,-0.900968867902419,-0.0027397226000064,0.9999962469529948,-0.0832369162003143,0.9965297867005593,-0.0416546113860277,0.9991320700239178,0,1,0,0,0,0,0,0,1,,,,Test,Daily,24.3290740740741,1.0,,802008.0161751899,,32063.2316206619,24.3290740740741
100481,2017-07-14 16:00:00,,785024.6348227541,medium,low,2,Friday,16,14,28,7,2017,4,195,Noon,False,True,-0.433883739117558,-0.9009688679024191,-0.002739722600028,0.9999962469529948,-0.0832369162003143,0.9965297867005593,-0.0416546113860277,0.9991320700239178,0,1,0,0,0,0,0,0,1,,,,Test,Daily,24.3424074074074,1.0,,790724.5448488973,,28066.9396028649,24.3424074074074
100481,2017-07-15 16:00:00,,761320.4569980353,medium,low,2,Saturday,16,15,28,7,2017,5,196,Noon,False,True,-0.9749279121818236,-0.2225209339563146,-0.0027397226000496,0.9999962469529948,-0.0832369162003143,0.9965297867005593,-0.0416546113860277,0.9991320700239178,0,1,0,0,0,0,0,0,1,,,,Test,Daily,23.2638888888889,1.0,,785024.6348227541,,25922.0068285981,23.2638888888889
100481,2017-07-16 16:00:00,,710073.0379679464,medium,low,2,Sunday,16,16,28,7,2017,6,197,Noon,False,True,-0.7818314824680299,0.6234898018587334,-0.0027397226000711,0.9999962469529946,-0.0832369162003143,0.9965297867005593,-0.0416546113860277,0.9991320700239178,0,1,0,0,0,0,0,0,1,,,,Test,Daily,23.3055555555556,1.0,663805.259418593,761320.4569980353,,31017.2642641934,23.3055555555556
100719,2017-03-14 00:00:00,947750.0,1040765.3369104356,small,high,0,Tuesday,0,14,11,3,2017,1,73,Late Night,True,True,0.7818314824680298,0.6234898018587336,-0.0027397226000123,0.9999962469529948,-0.0832369162003098,0.9965297867005596,-0.041654611386019,0.999132070023918,0,0,1,0,0,0,0,1,0,1579112.5204140346,2392362.20182018,2346231.5614151936,Train,Actual,14.40555555555556,,,,1040765.3369104356,,
100719,2017-03-15 00:00:00,961978.0,1059079.136465917,small,high,0,Wednesday,0,15,11,3,2017,2,74,Late Night,True,True,0.9749279121818236,-0.2225209339563143,-0.0027397225999771,0.9999962469529948,-0.0832369162003098,0.9965297867005596,-0.041654611386019,0.999132070023918,0,0,1,0,0,0,0,1,0,1579112.5204140346,2392362.20182018,2346231.5614151936,Train,Actual,16.890972222222235,,,1040765.3369104356,1059079.136465917,,
100719,2017-03-16 00:00:00,986697.0,1036595.0665195412,small,high,0,Thursday,0,16,11,3,2017,3,75,Late Night,True,True,0.4338837391175582,-0.900968867902419,-0.0027397225999986,0.9999962469529948,-0.0832369162003098,0.9965297867005596,-0.041654611386019,0.999132070023918,0,0,1,0,0,0,0,1,0,1579112.5204140346,2392362.20182018,2346231.5614151936,Train,Actual,14.85104166666666,,,1059079.136465917,1036595.0665195412,,
100719,2017-03-17 00:00:00,969275.0,1043159.613685812,small,high,0,Friday,0,17,11,3,2017,4,76,Late Night,True,True,-0.433883739117558,-0.9009688679024191,-0.0027397226000202,0.9999962469529948,-0.0832369162003098,0.9965297867005596,-0.041654611386019,0.999132070023918,0,0,1,0,0,0,0,1,0,1579112.5204140346,2392362.20182018,2346231.5614151936,Train,Actual,15.568055555555551,,,1036595.0665195412,1043159.613685812,,
100719,2017-03-18 00:00:00,954516.0,1164172.321962197,small,high,0,Saturday,0,18,11,3,2017,5,77,Late Night,True,True,-0.9749279121818236,-0.2225209339563146,-0.0027397225999849,0.9999962469529948,-0.0832369162003098,0.9965297867005596,-0.041654611386019,0.999132070023918,0,0,1,0,0,0,0,1,0,1579112.5204140346,2392362.20182018,2346231.5614151936,Train,Actual,16.722569444444442,,,1043159.613685812,1164172.321962197,,
100719,2017-03-19 00:00:00,953776.0,1176002.5196516428,small,high,0,Sunday,0,19,11,3,2017,6,78,Late Night,True,True,-0.7818314824680299,0.6234898018587334,-0.0027397226000065,0.9999962469529948,-0.0832369162003098,0.9965297867005596,-0.041654611386019,0.999132070023918,0,0,1,0,0,0,0,1,0,1579112.5204140346,2392362.20182018,2346231.5614151936,Train,Actual,14.855208333333328,,,1164172.321962197,1176002.5196516428,,
100719,2017-03-20 00:00:00,938329.0,1074602.4533027655,small,high,0,Monday,0,20,12,3,2017,0,79,Late Night,True,True,0.0,1.0,-0.0027397225999712,0.9999962469529948,-0.0832369162003098,0.9965297867005596,-0.041654611386019,0.999132070023918,0,0,1,0,0,0,0,1,0,1579112.5204140346,2392362.20182018,2346231.5614151936,Train,Actual,13.387847222222227,,,1176002.5196516428,1074602.4533027655,,
100719,2017-03-21 00:00:00,973221.0,1074526.4738053945,small,high,0,Tuesday,0,21,12,3,2017,1,80,Late Night,True,True,0.7818314824680298,0.6234898018587336,-0.0027397225999927,0.9999962469529948,-0.0832369162003098,0.9965297867005596,-0.041654611386019,0.999132070023918,0,0,1,0,0,0,0,1,0,1579112.5204140346,2392362.20182018,2346231.5614151936,Train,Actual,13.690972222222221,,1040765.3369104356,1074602.4533027655,1074526.4738053945,,
100719,2017-03-22 00:00:00,986917.0,915925.5956225308,small,high,0,Wednesday,0,22,12,3,2017,2,81,Late Night,True,True,0.9749279121818236,-0.2225209339563143,-0.0027397226000143,0.9999962469529948,-0.0832369162003098,0.9965297867005596,-0.041654611386019,0.999132070023918,0,0,1,0,0,0,0,1,0,1579112.5204140346,2392362.20182018,2346231.5614151936,Train,Actual,11.215277777777773,,1059079.136465917,1074526.4738053945,915925.5956225308,,
100719,2017-03-23 00:00:00,947584.0,952416.5673158994,small,high,0,Thursday,0,23,12,3,2017,3,82,Late Night,True,True,0.4338837391175582,-0.900968867902419,-0.002739722599979,0.9999962469529948,-0.0832369162003098,0.9965297867005596,-0.041654611386019,0.999132070023918,0,0,1,0,0,0,0,1,0,1579112.5204140346,2392362.20182018,2346231.5614151936,Train,Actual,8.152430555555561,,1036595.0665195412,915925.5956225308,952416.5673158994,,
100719,2017-03-24 00:00:00,956246.0,936146.9961371912,small,high,0,Friday,0,24,12,3,2017,4,83,Late Night,True,True,-0.433883739117558,-0.9009688679024191,-0.0027397225998869,0.9999962469529952,-0.0832369162003098,0.9965297867005596,-0.041654611386019,0.999132070023918,0,0,1,0,0,0,0,1,0,1579112.5204140346,2392362.20182018,2346231.5614151936,Train,Actual,8.807986111111108,,1043159.613685812,952416.5673158994,936146.9961371912,,
100719,2017-03-25 00:00:00,962872.0,1020323.2430914468,small,high,0,Saturday,0,25,12,3,2017,5,84,Late Night,True,True,-0.9749279121818236,-0.2225209339563146,-0.0027397225999084,0.999996246952995,-0.0832369162003098,0.9965297867005596,-0.041654611386019,0.999132070023918,0,0,1,0,0,0,0,1,0,1579112.5204140346,2392362.20182018,2346231.5614151936,Train,Actual,10.629166666666672,,1164172.321962197,936146.9961371912,1020323.2430914468,,
100719,2017-03-26 00:00:00,967093.0,953999.1117040032,small,high,0,Sunday,0,26,12,3,2017,6,85,Late Night,True,True,-0.7818314824680299,0.6234898018587334,-0.00273972259993,0.999996246952995,-0.0832369162003098,0.9965297867005596,-0.041654611386019,0.999132070023918,0,0,1,0,0,0,0,1,0,1579112.5204140346,2392362.20182018,2346231.5614151936,Train,Actual,10.317013888888892,,,,953999.1117040032,,
100719,2017-03-27 00:00:00,902205.0,973110.1261356524,small,high,0,Monday,0,27,13,3,2017,0,86,Late Night,True,True,0.0,1.0,-0.0027397225999516,0.9999962469529948,-0.0832369162003098,0.9965297867005596,-0.041654611386019,0.999132070023918,0,0,1,0,0,0,0,1,0,1579112.5204140346,2392362.20182018,2346231.5614151936,Train,Actual,13.737152777777775,,,,973110.1261356524,,
100719,2017-03-28 00:00:00,982405.0,993129.8282203268,small,high,0,Tuesday,0,28,13,3,2017,1,87,Late Night,True,True,0.7818314824680298,0.6234898018587336,-0.0027397225999731,0.9999962469529948,-0.0832369162003098,0.9965297867005596,-0.041654611386019,0.999132070023918,0,0,1,0,0,0,0,1,0,1579112.5204140346,2392362.20182018,2346231.5614151936,Train,Actual,13.170138888888891,,,,993129.8282203268,,
100719,2017-03-29 00:00:00,1007471.0,997119.647304965,small,high,0,Wednesday,0,29,13,3,2017,2,88,Late Night,True,True,0.9749279121818236,-0.2225209339563143,-0.0027397225999947,0.9999962469529948,-0.0832369162003098,0.9965297867005596,-0.041654611386019,0.999132070023918,0,0,1,0,0,0,0,1,0,1579112.5204140346,2392362.20182018,2346231.5614151936,Train,Actual,15.11284722222222,,,,997119.647304965,,
100719,2017-03-30 00:00:00,979276.0,1030694.4444826208,small,high,0,Thursday,0,30,13,3,2017,3,89,Late Night,True,True,0.4338837391175582,-0.900968867902419,-0.0027397225999026,0.9999962469529952,-0.0832369162003098,0.9965297867005596,-0.041654611386019,0.999132070023918,0,0,1,0,0,0,0,1,0,1579112.5204140346,2392362.20182018,2346231.5614151936,Train,Actual,15.370833333333332,,,,1030694.4444826208,,
100719,2017-03-31 00:00:00,950801.0,1039681.7336002477,small,high,0,Friday,0,31,13,3,2017,4,90,Late Night,True,True,-0.433883739117558,-0.9009688679024191,-0.0027397225999241,0.999996246952995,-0.0832369162003098,0.9965297867005596,-0.041654611386019,0.999132070023918,0,0,1,0,0,0,0,1,0,1579112.5204140346,2392362.20182018,2346231.5614151936,Train,Actual,15.093402777777781,,,,1039681.7336002477,,
100719,2017-04-01 00:00:00,962172.0,1066841.690356989,small,high,0,Saturday,0,1,13,4,2017,5,91,Late Night,True,True,-0.9749279121818236,-0.2225209339563146,-0.0027397225999457,0.9999962469529948,-0.08323691620031,0.9965297867005596,-0.041654611386019,0.999132070023918,0,0,1,0,0,0,0,1,0,1579112.5204140346,2392362.20182018,2346231.5614151936,Train,Actual,14.068749999999996,,,,1066841.690356989,,
100719,2017-04-02 16:00:00,,932586.7723826554,small,high,0,Sunday,16,2,13,4,2017,6,92,Noon,False,True,-0.7818314824680299,0.6234898018587334,-0.0027397225999673,0.9999962469529948,-0.08323691620031,0.9965297867005596,-0.0416546113860277,0.9991320700239178,0,0,1,0,0,0,0,1,0,,,,Test,Daily,15.1333333333333,1.0,,,,45096.5452433094,15.1333333333333
100719,2017-04-03 16:00:00,,984005.1579981366,small,high,0,Monday,16,3,14,4,2017,0,93,Noon,False,True,0.0,1.0,-0.0027397225999888,0.9999962469529948,-0.08323691620031,0.9965297867005596,-0.0416546113860277,0.9991320700239178,0,0,1,0,0,0,0,1,0,,,,Test,Daily,17.5386805555556,1.0,,932586.7723826554,,49042.4002390218,17.5386805555556
100719,2017-04-04 16:00:00,,962132.6470748059,small,high,0,Tuesday,16,4,14,4,2017,1,94,Noon,False,True,0.7818314824680298,0.6234898018587336,-0.0027397225998967,0.9999962469529952,-0.08323691620031,0.9965297867005596,-0.0416546113860277,0.9991320700239178,0,0,1,0,0,0,0,1,0,,,,Test,Daily,19.1927083333333,1.0,,984005.1579981366,,47563.2784191254,19.1927083333333
100719,2017-04-05 16:00:00,,958753.8576954241,small,high,0,Wednesday,16,5,14,4,2017,2,95,Noon,False,True,0.9749279121818236,-0.2225209339563143,-0.0027397225999182,0.999996246952995,-0.08323691620031,0.9965297867005596,-0.0416546113860277,0.9991320700239178,0,0,1,0,0,0,0,1,0,,,,Test,Daily,18.1635416666667,1.0,,962132.6470748059,,46215.0945996988,18.1635416666667
100719,2017-04-06 16:00:00,,959657.8225806453,small,high,0,Thursday,16,6,14,4,2017,3,96,Noon,False,True,0.4338837391175582,-0.900968867902419,-0.0027397225999398,0.999996246952995,-0.08323691620031,0.9965297867005596,-0.0416546113860277,0.9991320700239178,0,0,1,0,0,0,0,1,0,,,,Test,Daily,18.7819444444444,1.0,,958753.8576954241,,47379.7743652064,18.7819444444444
100719,2017-04-07 16:00:00,,977391.2653687769,small,high,0,Friday,16,7,14,4,2017,4,97,Noon,False,True,-0.433883739117558,-0.9009688679024191,-0.0027397225999614,0.9999962469529948,-0.08323691620031,0.9965297867005596,-0.0416546113860277,0.9991320700239178,0,0,1,0,0,0,0,1,0,,,,Test,Daily,18.8239583333333,1.0,,959657.8225806453,,51385.8838158877,18.8239583333333
100719,2017-04-08 16:00:00,,960109.226315383,small,high,0,Saturday,16,8,14,4,2017,5,98,Noon,False,True,-0.9749279121818236,-0.2225209339563146,-0.0027397225999829,0.9999962469529948,-0.08323691620031,0.9965297867005596,-0.0416546113860277,0.9991320700239178,0,0,1,0,0,0,0,1,0,,,,Test,Daily,18.2722222222222,1.0,,977391.2653687769,,48388.1986762989,18.2722222222222
100719,2017-04-09 16:00:00,,940066.7872700637,small,high,0,Sunday,16,9,14,4,2017,6,99,Noon,False,True,-0.7818314824680299,0.6234898018587334,-0.0027397225998908,0.9999962469529952,-0.08323691620031,0.9965297867005596,-0.0416546113860277,0.9991320700239178,0,0,1,0,0,0,0,1,0,,,,Test,Daily,19.3295138888889,1.0,932586.7723826554,960109.226315383,,43758.8391322479,19.3295138888889
100755,2017-08-29 00:00:00,988579.0,7062275.038226507,x-large,low,2,Tuesday,0,29,35,8,2017,1,241,Late Night,True,True,0.7818314824680298,0.6234898018587336,-0.002739722599883,0.9999962469529952,-0.0832369162003145,0.9965297867005593,-0.041654611386019,0.999132070023918,0,0,0,1,0,0,0,0,1,2372562.8786120294,2147128.9628877603,2346231.5614151936,Train,Actual,23.410416666666666,,,,7062275.038226507,,
100755,2017-08-30 00:00:00,962174.0,7178466.709806586,x-large,low,2,Wednesday,0,30,35,8,2017,2,242,Late Night,True,True,0.9749279121818236,-0.2225209339563143,-0.0027397225999045,0.9999962469529952,-0.0832369162003145,0.9965297867005593,-0.041654611386019,0.999132070023918,0,0,0,1,0,0,0,0,1,2372562.8786120294,2147128.9628877603,2346231.5614151936,Train,Actual,24.164583333333336,,,7062275.038226507,7178466.709806586,,
100755,2017-08-31 00:00:00,966856.0,7392695.104282352,x-large,low,2,Thursday,0,31,35,8,2017,3,243,Late Night,True,True,0.4338837391175582,-0.900968867902419,-0.0027397225999261,0.999996246952995,-0.0832369162003145,0.9965297867005593,-0.041654611386019,0.999132070023918,0,0,0,1,0,0,0,0,1,2372562.8786120294,2147128.9628877603,2346231.5614151936,Train,Actual,18.220833333333335,,,7178466.709806586,7392695.104282352,,
100755,2017-09-01 00:00:00,951764.0,7225669.576385993,x-large,low,2,Friday,0,1,35,9,2017,4,244,Late Night,True,True,-0.433883739117558,-0.9009688679024191,-0.0027397225999476,0.9999962469529948,-0.0832369162003148,0.996529786700559,-0.041654611386019,0.999132070023918,0,0,0,1,0,0,0,0,1,2372562.8786120294,2147128.9628877603,2346231.5614151936,Train,Actual,14.920833333333333,,,7392695.104282352,7225669.576385993,,
100755,2017-09-02 00:00:00,987397.0,6361494.019009173,x-large,low,2,Saturday,0,2,35,9,2017,5,245,Late Night,True,True,-0.9749279121818236,-0.2225209339563146,-0.0027397225999692,0.9999962469529948,-0.0832369162003148,0.996529786700559,-0.041654611386019,0.999132070023918,0,0,0,1,0,0,0,0,1,2372562.8786120294,2147128.9628877603,2346231.5614151936,Train,Actual,13.285416666666665,,,7225669.576385993,6361494.019009173,,
100755,2017-09-03 00:00:00,924704.0,6263457.296113484,x-large,low,2,Sunday,0,3,35,9,2017,6,246,Late Night,True,True,-0.7818314824680299,0.6234898018587334,-0.0027397225999908,0.9999962469529948,-0.0832369162003148,0.996529786700559,-0.041654611386019,0.999132070023918,0,0,0,1,0,0,0,0,1,2372562.8786120294,2147128.9628877603,2346231.5614151936,Train,Actual,14.602083333333335,,,6361494.019009173,6263457.296113484,,
100755,2017-09-04 00:00:00,983089.0,7120370.874016546,x-large,low,2,Monday,0,4,36,9,2017,0,247,Late Night,True,True,0.0,1.0,-0.0027397226000123,0.9999962469529948,-0.0832369162003148,0.996529786700559,-0.041654611386019,0.999132070023918,0,0,0,1,0,0,0,0,1,2372562.8786120294,2147128.9628877603,2346231.5614151936,Train,Actual,16.98125,,,6263457.296113484,7120370.874016546,,
100755,2017-09-05 00:00:00,950472.0,7192990.668754095,x-large,low,2,Tuesday,0,5,36,9,2017,1,248,Late Night,True,True,0.7818314824680298,0.6234898018587336,-0.0027397226000339,0.9999962469529948,-0.0832369162003148,0.996529786700559,-0.041654611386019,0.999132070023918,0,0,0,1,0,0,0,0,1,2372562.8786120294,2147128.9628877603,2346231.5614151936,Train,Actual,19.741666666666664,,7062275.038226507,7120370.874016546,7192990.668754095,,
100755,2017-09-06 00:00:00,960351.0,7134894.832964055,x-large,low,2,Wednesday,0,6,36,9,2017,2,249,Late Night,True,True,0.9749279121818236,-0.2225209339563143,-0.0027397226000554,0.9999962469529948,-0.0832369162003148,0.996529786700559,-0.041654611386019,0.999132070023918,0,0,0,1,0,0,0,0,1,2372562.8786120294,2147128.9628877603,2346231.5614151936,Train,Actual,19.960416666666667,,7178466.709806586,7192990.668754095,7134894.832964055,,
100755,2017-09-07 00:00:00,981747.0,7225669.576385992,x-large,low,2,Thursday,0,7,36,9,2017,3,250,Late Night,True,True,0.4338837391175582,-0.900968867902419,-0.002739722600077,0.9999962469529946,-0.0832369162003148,0.996529786700559,-0.041654611386019,0.999132070023918,0,0,0,1,0,0,0,0,1,2372562.8786120294,2147128.9628877603,2346231.5614151936,Train,Actual,16.575,,7392695.104282352,7134894.832964055,7225669.576385992,,
100755,2017-09-08 00:00:00,952445.0,7044120.089542124,x-large,low,2,Friday,0,8,36,9,2017,4,251,Late Night,True,True,-0.433883739117558,-0.9009688679024191,-0.0027397225998712,0.9999962469529952,-0.0832369162003148,0.996529786700559,-0.041654611386019,0.999132070023918,0,0,0,1,0,0,0,0,1,2372562.8786120294,2147128.9628877603,2346231.5614151936,Train,Actual,15.791666666666666,,7225669.576385993,7225669.576385992,7044120.089542124,,
100755,2017-09-09 00:00:00,962864.0,6158158.593744042,x-large,low,2,Saturday,0,9,36,9,2017,5,252,Late Night,True,True,-0.9749279121818236,-0.2225209339563146,-0.0027397225998928,0.9999962469529952,-0.0832369162003148,0.996529786700559,-0.041654611386019,0.999132070023918,0,0,0,1,0,0,0,0,1,2372562.8786120294,2147128.9628877603,2346231.5614151936,Train,Actual,14.737499999999999,,6361494.019009173,7044120.089542124,6158158.593744042,,
100755,2017-09-10 00:00:00,928002.0,6212623.439797204,x-large,low,2,Sunday,0,10,36,9,2017,6,253,Late Night,True,True,-0.7818314824680299,0.6234898018587334,-0.0027397225999143,0.999996246952995,-0.0832369162003148,0.996529786700559,-0.041654611386019,0.999132070023918,0,0,0,1,0,0,0,0,1,2372562.8786120294,2147128.9628877603,2346231.5614151936,Train,Actual,14.193750000000001,,,,6212623.439797204,,
100755,2017-09-11 00:00:00,968319.0,7174835.720069708,x-large,low,2,Monday,0,11,37,9,2017,0,254,Late Night,True,True,0.0,1.0,-0.0027397225999359,0.999996246952995,-0.0832369162003148,0.996529786700559,-0.041654611386019,0.999132070023918,0,0,0,1,0,0,0,0,1,2372562.8786120294,2147128.9628877603,2346231.5614151936,Train,Actual,14.708333333333334,,,,7174835.720069708,,
100755,2017-09-12 00:00:00,948112.0,7211145.617438482,x-large,low,2,Tuesday,0,12,37,9,2017,1,255,Late Night,True,True,0.7818314824680298,0.6234898018587336,-0.0027397225999574,0.9999962469529948,-0.0832369162003148,0.996529786700559,-0.041654611386019,0.999132070023918,0,0,0,1,0,0,0,0,1,2372562.8786120294,2147128.9628877603,2346231.5614151936,Train,Actual,13.437499999999995,,,,7211145.617438482,,
100755,2017-09-13 00:00:00,981423.0,7341861.247966069,x-large,low,2,Wednesday,0,13,37,9,2017,2,256,Late Night,True,True,0.9749279121818236,-0.2225209339563143,-0.002739722599979,0.9999962469529948,-0.0832369162003148,0.996529786700559,-0.041654611386019,0.999132070023918,0,0,0,1,0,0,0,0,1,2372562.8786120294,2147128.9628877603,2346231.5614151936,Train,Actual,14.779166666666667,,,,7341861.247966069,,
100755,2017-09-14 00:00:00,963721.0,7519779.74507306,x-large,low,2,Thursday,0,14,37,9,2017,3,257,Late Night,True,True,0.4338837391175582,-0.900968867902419,-0.0027397226000006,0.9999962469529948,-0.0832369162003148,0.996529786700559,-0.041654611386019,0.999132070023918,0,0,0,1,0,0,0,0,1,2372562.8786120294,2147128.9628877603,2346231.5614151936,Train,Actual,15.160416666666663,,,,7519779.74507306,,
100755,2017-09-15 00:00:00,934208.0,7349123.227439824,x-large,low,2,Friday,0,15,37,9,2017,4,258,Late Night,True,True,-0.433883739117558,-0.9009688679024191,-0.0027397226000221,0.9999962469529948,-0.0832369162003148,0.996529786700559,-0.041654611386019,0.999132070023918,0,0,0,1,0,0,0,0,1,2372562.8786120294,2147128.9628877603,2346231.5614151936,Train,Actual,11.15,,,,7349123.227439824,,
100755,2017-09-16 00:00:00,950882.0,6524888.557168656,x-large,low,2,Saturday,0,16,37,9,2017,5,259,Late Night,True,True,-0.9749279121818236,-0.2225209339563146,-0.0027397226000437,0.9999962469529948,-0.0832369162003148,0.996529786700559,-0.041654611386019,0.999132070023918,0,0,0,1,0,0,0,0,1,2372562.8786120294,2147128.9628877603,2346231.5614151936,Train,Actual,11.506250000000001,,,,6524888.557168656,,
100755,2017-09-17 16:00:00,,6144410.807297739,x-large,low,2,Sunday,16,17,37,9,2017,6,260,Noon,False,True,-0.7818314824680299,0.6234898018587334,-0.0027397226000652,0.9999962469529948,-0.0832369162003148,0.996529786700559,-0.0416546113860277,0.9991320700239178,0,0,0,1,0,0,0,0,1,,,,Test,Daily,11.1,1.0,,,,236014.33289703,11.1
100755,2017-09-18 16:00:00,,7429094.118469793,x-large,low,2,Monday,16,18,38,9,2017,0,261,Noon,False,True,0.0,1.0,-0.0027397226000868,0.9999962469529946,-0.0832369162003148,0.996529786700559,-0.0416546113860277,0.9991320700239178,0,0,0,1,0,0,0,0,1,,,,Test,Daily,10.2854166666667,1.0,,6144410.807297739,,317560.310737734,10.2854166666667
100755,2017-09-19 16:00:00,,7315666.626340703,x-large,low,2,Tuesday,16,19,38,9,2017,1,262,Noon,False,True,0.7818314824680298,0.6234898018587336,-0.002739722599881,0.9999962469529952,-0.0832369162003148,0.996529786700559,-0.0416546113860277,0.9991320700239178,0,0,0,1,0,0,0,0,1,,,,Test,Daily,12.5541666666667,1.0,,7429094.118469793,,311962.534893382,12.5541666666667
100755,2017-09-20 16:00:00,,7267945.914602302,x-large,low,2,Wednesday,16,20,38,9,2017,2,263,Noon,False,True,0.9749279121818236,-0.2225209339563143,-0.0027397225999026,0.9999962469529952,-0.0832369162003148,0.996529786700559,-0.0416546113860277,0.9991320700239178,0,0,0,1,0,0,0,0,1,,,,Test,Daily,10.4,1.0,,7315666.626340703,,312718.991088565,10.4
100755,2017-09-21 16:00:00,,7156920.025489589,x-large,low,2,Thursday,16,21,38,9,2017,3,264,Noon,False,True,0.4338837391175582,-0.900968867902419,-0.0027397225999241,0.999996246952995,-0.0832369162003148,0.996529786700559,-0.0416546113860277,0.9991320700239178,0,0,0,1,0,0,0,0,1,,,,Test,Daily,10.4,1.0,,7267945.914602302,,306667.341527102,
100755,2017-09-22 16:00:00,,6538544.552472812,x-large,low,2,Friday,16,22,38,9,2017,4,265,Noon,False,True,-0.433883739117558,-0.9009688679024191,-0.0027397225999457,0.9999962469529948,-0.0832369162003148,0.996529786700559,-0.0416546113860277,0.9991320700239178,0,0,0,1,0,0,0,0,1,,,,Test,Daily,10.4,1.0,,7156920.025489589,,268541.94928989,
100755,2017-09-23 16:00:00,,5818214.250293196,x-large,low,2,Saturday,16,23,38,9,2017,5,266,Noon,False,True,-0.9749279121818236,-0.2225209339563146,-0.0027397225999672,0.9999962469529948,-0.0832369162003148,0.996529786700559,-0.0416546113860277,0.9991320700239178,0,0,0,1,0,0,0,0,1,,,,Test,Daily,10.4,1.0,,6538544.552472812,,263700.62964072,
100755,2017-09-24 16:00:00,,5303839.012225567,x-large,low,2,Sunday,16,24,38,9,2017,6,267,Noon,False,True,-0.7818314824680299,0.6234898018587334,-0.0027397225999888,0.9999962469529948,-0.0832369162003148,0.996529786700559,-0.0416546113860277,0.9991320700239178,0,0,0,1,0,0,0,0,1,,,,Test,Daily,10.4,1.0,6144410.807297739,5818214.250293196,,306364.759049029,
101003,2017-06-18 00:00:00,960726.0,609132.4321180586,medium,low,2,Sunday,0,18,24,6,2017,6,169,Late Night,True,True,-0.7818314824680299,0.6234898018587334,-0.0027397225999222,0.999996246952995,-0.083236916200314,0.9965297867005593,-0.041654611386019,0.999132070023918,0,1,0,0,0,0,0,0,1,2372562.8786120294,1437469.720104067,2346231.5614151936,Train,Actual,20.010416666666668,,,,609132.4321180586,,
101003,2017-06-19 00:00:00,1005563.0,1522831.080295145,medium,low,2,Monday,0,19,25,6,2017,0,170,Late Night,True,True,0.0,1.0,-0.0027397225999437,0.999996246952995,-0.083236916200314,0.9965297867005593,-0.041654611386019,0.999132070023918,0,1,0,0,0,0,0,0,1,2372562.8786120294,1437469.720104067,2346231.5614151936,Train,Actual,21.666666666666668,,,609132.4321180586,1522831.080295145,,
101003,2017-06-20 00:00:00,918661.0,1827397.2963541744,medium,low,2,Tuesday,0,20,25,6,2017,1,171,Late Night,True,True,0.7818314824680298,0.6234898018587336,-0.0027397225999653,0.9999962469529948,-0.083236916200314,0.9965297867005593,-0.041654611386019,0.999132070023918,0,1,0,0,0,0,0,0,1,2372562.8786120294,1437469.720104067,2346231.5614151936,Train,Actual,23.86666666666667,,,1522831.080295145,1827397.2963541744,,
101003,2017-06-21 00:00:00,1003574.0,1637043.4113172812,medium,low,2,Wednesday,0,21,25,6,2017,2,172,Late Night,True,True,0.9749279121818236,-0.2225209339563143,-0.0027397225999868,0.9999962469529948,-0.083236916200314,0.9965297867005593,-0.041654611386019,0.999132070023918,0,1,0,0,0,0,0,0,1,2372562.8786120294,1437469.720104067,2346231.5614151936,Train,Actual,24.597916666666666,,,1827397.2963541744,1637043.4113172812,,
101003,2017-06-22 00:00:00,930108.0,1522831.0802951455,medium,low,2,Thursday,0,22,25,6,2017,3,173,Late Night,True,True,0.4338837391175582,-0.900968867902419,-0.0027397226000084,0.9999962469529948,-0.083236916200314,0.9965297867005593,-0.041654611386019,0.999132070023918,0,1,0,0,0,0,0,0,1,2372562.8786120294,1437469.720104067,2346231.5614151936,Train,Actual,25.32708333333333,,,1637043.4113172812,1522831.0802951455,,
101003,2017-06-23 00:00:00,917841.0,1439075.3708789125,medium,low,2,Friday,0,23,25,6,2017,4,174,Late Night,True,True,-0.433883739117558,-0.9009688679024191,-0.00273972260003,0.9999962469529948,-0.083236916200314,0.9965297867005593,-0.041654611386019,0.999132070023918,0,1,0,0,0,0,0,0,1,2372562.8786120294,1437469.720104067,2346231.5614151936,Train,Actual,25.960416666666664,,,1522831.0802951455,1439075.3708789125,,
101003,2017-06-24 00:00:00,959498.0,868013.7157682328,medium,low,2,Saturday,0,24,25,6,2017,5,175,Late Night,True,True,-0.9749279121818236,-0.2225209339563146,-0.0027397226000515,0.9999962469529948,-0.083236916200314,0.9965297867005593,-0.041654611386019,0.999132070023918,0,1,0,0,0,0,0,0,1,2372562.8786120294,1437469.720104067,2346231.5614151936,Train,Actual,22.61041666666667,,,1439075.3708789125,868013.7157682328,,
101003,2017-06-25 00:00:00,940168.0,883242.0265711842,medium,low,2,Sunday,0,25,25,6,2017,6,176,Late Night,True,True,-0.7818314824680299,0.6234898018587334,-0.0027397226000731,0.9999962469529946,-0.083236916200314,0.9965297867005593,-0.041654611386019,0.999132070023918,0,1,0,0,0,0,0,0,1,2372562.8786120294,1437469.720104067,2346231.5614151936,Train,Actual,21.045833333333334,,609132.4321180586,868013.7157682328,883242.0265711842,,
101003,2017-06-26 00:00:00,945332.0,1576130.1681054756,medium,low,2,Monday,0,26,26,6,2017,0,177,Late Night,True,True,0.0,1.0,-0.0027397225998673,0.9999962469529952,-0.083236916200314,0.9965297867005593,-0.041654611386019,0.999132070023918,0,1,0,0,0,0,0,0,1,2372562.8786120294,1437469.720104067,2346231.5614151936,Train,Actual,20.395833333333332,,1522831.080295145,883242.0265711842,1576130.1681054756,,
101003,2017-06-27 00:00:00,970755.0,1739834.509237204,medium,low,2,Tuesday,0,27,26,6,2017,1,178,Late Night,True,True,0.7818314824680298,0.6234898018587336,-0.0027397225998888,0.9999962469529952,-0.083236916200314,0.9965297867005593,-0.041654611386019,0.999132070023918,0,1,0,0,0,0,0,0,1,2372562.8786120294,1437469.720104067,2346231.5614151936,Train,Actual,21.020833333333336,,1827397.2963541744,1576130.1681054756,1739834.509237204,,
101003,2017-06-28 00:00:00,955877.0,1842625.6071571263,medium,low,2,Wednesday,0,28,26,6,2017,2,179,Late Night,True,True,0.9749279121818236,-0.2225209339563143,-0.0027397225999104,0.999996246952995,-0.083236916200314,0.9965297867005593,-0.041654611386019,0.999132070023918,0,1,0,0,0,0,0,0,1,2372562.8786120294,1437469.720104067,2346231.5614151936,Train,Actual,18.51666666666667,,1637043.4113172812,1739834.509237204,1842625.6071571263,,
101003,2017-06-29 00:00:00,919248.0,1796940.6747482703,medium,low,2,Thursday,0,29,26,6,2017,3,180,Late Night,True,True,0.4338837391175582,-0.900968867902419,-0.002739722599932,0.999996246952995,-0.083236916200314,0.9965297867005593,-0.041654611386019,0.999132070023918,0,1,0,0,0,0,0,0,1,2372562.8786120294,1437469.720104067,2346231.5614151936,Train,Actual,15.668749999999996,,1522831.0802951455,1842625.6071571263,1796940.6747482703,,
101003,2017-06-30 00:00:00,947034.0,1743641.5869379416,medium,low,2,Friday,0,30,26,6,2017,4,181,Late Night,True,True,-0.433883739117558,-0.9009688679024191,-0.0027397225999535,0.9999962469529948,-0.083236916200314,0.9965297867005593,-0.041654611386019,0.999132070023918,0,1,0,0,0,0,0,0,1,2372562.8786120294,1437469.720104067,2346231.5614151936,Train,Actual,15.524999999999999,,,,1743641.5869379416,,
101003,2017-07-01 00:00:00,954942.0,654817.3645269126,medium,low,2,Saturday,0,1,26,7,2017,5,182,Late Night,True,True,-0.9749279121818236,-0.2225209339563146,-0.0027397225999751,0.9999962469529948,-0.0832369162003143,0.9965297867005593,-0.041654611386019,0.999132070023918,0,1,0,0,0,0,0,0,1,2372562.8786120294,1437469.720104067,2346231.5614151936,Train,Actual,15.370833333333335,,,,654817.3645269126,,
101003,2017-07-02 00:00:00,942133.0,647203.209125437,medium,low,2,Sunday,0,2,26,7,2017,6,183,Late Night,True,True,-0.7818314824680299,0.6234898018587334,-0.0027397225999966,0.9999962469529948,-0.0832369162003143,0.9965297867005593,-0.041654611386019,0.999132070023918,0,1,0,0,0,0,0,0,1,2372562.8786120294,1437469.720104067,2346231.5614151936,Train,Actual,14.525,,,,647203.209125437,,
101003,2017-07-03 00:00:00,968993.0,1819783.140952698,medium,low,2,Monday,0,3,27,7,2017,0,184,Late Night,True,True,0.0,1.0,-0.0027397226000182,0.9999962469529948,-0.0832369162003143,0.9965297867005593,-0.041654611386019,0.999132070023918,0,1,0,0,0,0,0,0,1,2372562.8786120294,1437469.720104067,2346231.5614151936,Train,Actual,18.127083333333328,,,,1819783.140952698,,
101003,2017-07-04 00:00:00,953583.0,1233493.175039068,medium,low,2,Tuesday,0,4,27,7,2017,1,185,Late Night,True,True,0.7818314824680298,0.6234898018587336,-0.0027397226000398,0.9999962469529948,-0.0832369162003143,0.9965297867005593,-0.041654611386019,0.999132070023918,0,1,0,0,0,0,0,0,1,2372562.8786120294,1437469.720104067,2346231.5614151936,Train,Actual,18.739583333333336,,,,1233493.175039068,,
101003,2017-07-05 00:00:00,960144.0,1378162.127667107,medium,low,2,Wednesday,0,5,27,7,2017,2,186,Late Night,True,True,0.9749279121818236,-0.2225209339563143,-0.0027397226000613,0.9999962469529948,-0.0832369162003143,0.9965297867005593,-0.041654611386019,0.999132070023918,0,1,0,0,0,0,0,0,1,2372562.8786120294,1437469.720104067,2346231.5614151936,Train,Actual,20.88958333333333,,,,1378162.127667107,,
101003,2017-07-06 00:00:00,974745.0,1564708.935003262,medium,low,2,Thursday,0,6,27,7,2017,3,187,Late Night,True,True,0.4338837391175582,-0.900968867902419,-0.0027397225998555,0.9999962469529952,-0.0832369162003143,0.9965297867005593,-0.041654611386019,0.999132070023918,0,1,0,0,0,0,0,0,1,2372562.8786120294,1437469.720104067,2346231.5614151936,Train,Actual,23.38125000000001,,,,1564708.935003262,,
101003,2017-07-07 16:00:00,,1657849.6207487672,medium,low,2,Friday,16,7,27,7,2017,4,188,Noon,False,True,-0.433883739117558,-0.9009688679024191,-0.0027397225998771,0.9999962469529952,-0.0832369162003143,0.9965297867005593,-0.0416546113860277,0.9991320700239178,0,1,0,0,0,0,0,0,1,,,,Test,Daily,19.1,1.0,,,,30456.6216059029,19.1
101003,2017-07-08 16:00:00,,840544.3505931847,medium,low,2,Saturday,16,8,27,7,2017,5,189,Noon,False,True,-0.9749279121818236,-0.2225209339563146,-0.0027397225998986,0.9999962469529952,-0.0832369162003143,0.9965297867005593,-0.0416546113860277,0.9991320700239178,0,1,0,0,0,0,0,0,1,,,,Test,Daily,19.63125,1.0,,1657849.6207487672,,37436.2640572557,19.63125
101003,2017-07-09 16:00:00,,726023.277117399,medium,low,2,Sunday,16,9,27,7,2017,6,190,Noon,False,True,-0.7818314824680299,0.6234898018587334,-0.0027397225999202,0.999996246952995,-0.0832369162003143,0.9965297867005593,-0.0416546113860277,0.9991320700239178,0,1,0,0,0,0,0,0,1,,,,Test,Daily,18.9229166666667,1.0,,840544.3505931847,,89466.3259673398,18.9229166666667
101003,2017-07-10 16:00:00,,1913224.3923479225,medium,low,2,Monday,16,10,28,7,2017,0,191,Noon,False,True,0.0,1.0,-0.0027397225999418,0.999996246952995,-0.0832369162003143,0.9965297867005593,-0.0416546113860277,0.9991320700239178,0,1,0,0,0,0,0,0,1,,,,Test,Daily,18.1854166666667,1.0,,726023.277117399,,97080.4813688155,18.1854166666667
101003,2017-07-11 16:00:00,,1687248.2609402812,medium,low,2,Tuesday,16,11,28,7,2017,1,192,Noon,False,True,0.7818314824680298,0.6234898018587336,-0.0027397225999633,0.9999962469529948,-0.0832369162003143,0.9965297867005593,-0.0416546113860277,0.9991320700239178,0,1,0,0,0,0,0,0,1,,,,Test,Daily,20.25625,1.0,,1913224.3923479225,,92004.3777678317,20.25625
101003,2017-07-12 16:00:00,,1560068.3173041046,medium,low,2,Wednesday,16,12,28,7,2017,2,193,Noon,False,True,0.9749279121818236,-0.2225209339563143,-0.0027397225999849,0.9999962469529948,-0.0832369162003143,0.9965297867005593,-0.0416546113860277,0.9991320700239178,0,1,0,0,0,0,0,0,1,,,,Test,Daily,19.2270833333333,1.0,,1687248.2609402812,,76776.0669648803,19.2270833333333
101003,2017-07-13 16:00:00,,1600430.8062550195,medium,low,2,Thursday,16,13,28,7,2017,3,194,Noon,False,True,0.4338837391175582,-0.900968867902419,-0.0027397226000064,0.9999962469529948,-0.0832369162003143,0.9965297867005593,-0.0416546113860277,0.9991320700239178,0,1,0,0,0,0,0,0,1,,,,Test,Daily,19.6854166666667,1.0,,1560068.3173041046,,69796.4245135275,19.6854166666667
101003,2017-07-14 16:00:00,,1656815.144892533,medium,low,2,Friday,16,14,28,7,2017,4,195,Noon,False,True,-0.433883739117558,-0.9009688679024191,-0.002739722600028,0.9999962469529948,-0.0832369162003143,0.9965297867005593,-0.0416546113860277,0.9991320700239178,0,1,0,0,0,0,0,0,1,,,,Test,Daily,17.7625,1.0,1657849.6207487672,1600430.8062550195,,27918.569805411,17.7625
101010,2016-05-17 00:00:00,935998.0,421314.453234104,xx-small,low,2,Tuesday,0,17,20,5,2016,1,138,Late Night,True,True,0.7818314824680298,0.6234898018587336,-0.0027397225999359,0.999996246952995,-0.0832369162003102,0.9965297867005596,-0.041654611386019,0.999132070023918,0,0,0,0,0,0,1,0,1,2372562.8786120294,671205.7228931412,2346231.5614151936,Train,Actual,13.012500000000005,,,,421314.453234104,,
101010,2016-05-18 00:00:00,971519.0,340688.24625900853,xx-small,low,2,Wednesday,0,18,20,5,2016,2,139,Late Night,True,True,0.9749279121818236,-0.2225209339563143,-0.0027397225999574,0.9999962469529948,-0.0832369162003102,0.9965297867005596,-0.041654611386019,0.999132070023918,0,0,0,0,0,0,1,0,1,2372562.8786120294,671205.7228931412,2346231.5614151936,Train,Actual,14.210185185185189,,,421314.453234104,340688.24625900853,,
101010,2016-05-19 00:00:00,953811.0,430858.9123994669,xx-small,low,2,Thursday,0,19,20,5,2016,3,140,Late Night,True,True,0.4338837391175582,-0.900968867902419,-0.002739722599979,0.9999962469529948,-0.0832369162003102,0.9965297867005596,-0.041654611386019,0.999132070023918,0,0,0,0,0,0,1,0,1,2372562.8786120294,671205.7228931412,2346231.5614151936,Train,Actual,14.382638888888884,,,340688.24625900853,430858.9123994669,,
101010,2016-05-20 00:00:00,934817.0,495822.41715448,xx-small,low,2,Friday,0,20,20,5,2016,4,141,Late Night,True,True,-0.433883739117558,-0.9009688679024191,-0.0027397226000006,0.9999962469529948,-0.0832369162003102,0.9965297867005596,-0.041654611386019,0.999132070023918,0,0,0,0,0,0,1,0,1,2372562.8786120294,671205.7228931412,2346231.5614151936,Train,Actual,12.948611111111113,,,430858.9123994669,495822.41715448,,
101010,2016-05-21 00:00:00,938842.0,483498.52757283015,xx-small,low,2,Saturday,0,21,20,5,2016,5,142,Late Night,True,True,-0.9749279121818236,-0.2225209339563146,-0.0027397225999084,0.999996246952995,-0.0832369162003102,0.9965297867005596,-0.041654611386019,0.999132070023918,0,0,0,0,0,0,1,0,1,2372562.8786120294,671205.7228931412,2346231.5614151936,Train,Actual,12.798611111111107,,,495822.41715448,483498.52757283015,,
101010,2016-05-22 00:00:00,945392.0,110899.27360984815,xx-small,low,2,Sunday,0,22,20,5,2016,6,143,Late Night,True,True,-0.7818314824680299,0.6234898018587334,-0.00273972259993,0.999996246952995,-0.0832369162003102,0.9965297867005596,-0.041654611386019,0.999132070023918,0,0,0,0,0,0,1,0,1,2372562.8786120294,671205.7228931412,2346231.5614151936,Train,Actual,16.966666666666665,,,483498.52757283015,110899.27360984815,,
101010,2016-05-23 00:00:00,976763.0,396180.7107653155,xx-small,low,2,Monday,0,23,21,5,2016,0,144,Late Night,True,True,0.0,1.0,-0.0027397225999516,0.9999962469529948,-0.0832369162003102,0.9965297867005596,-0.041654611386019,0.999132070023918,0,0,0,0,0,0,1,0,1,2372562.8786120294,671205.7228931412,2346231.5614151936,Train,Actual,15.964583333333332,,,110899.27360984815,396180.7107653155,,
101010,2016-05-24 00:00:00,949465.0,427971.97571236105,xx-small,low,2,Tuesday,0,24,21,5,2016,1,145,Late Night,True,True,0.7818314824680298,0.6234898018587336,-0.0027397225999731,0.9999962469529948,-0.0832369162003102,0.9965297867005596,-0.041654611386019,0.999132070023918,0,0,0,0,0,0,1,0,1,2372562.8786120294,671205.7228931412,2346231.5614151936,Train,Actual,15.760243055555557,,421314.453234104,396180.7107653155,427971.97571236105,,
101010,2016-05-25 00:00:00,928197.0,383050.9611698874,xx-small,low,2,Wednesday,0,25,21,5,2016,2,146,Late Night,True,True,0.9749279121818236,-0.2225209339563143,-0.0027397225999947,0.9999962469529948,-0.0832369162003102,0.9965297867005596,-0.041654611386019,0.999132070023918,0,0,0,0,0,0,1,0,1,2372562.8786120294,671205.7228931412,2346231.5614151936,Train,Actual,13.802083333333334,,340688.24625900853,427971.97571236105,383050.9611698874,,
101010,2016-05-26 00:00:00,933757.0,412039.1967631491,xx-small,low,2,Thursday,0,26,21,5,2016,3,147,Late Night,True,True,0.4338837391175582,-0.900968867902419,-0.0027397225999026,0.9999962469529952,-0.0832369162003102,0.9965297867005596,-0.041654611386019,0.999132070023918,0,0,0,0,0,0,1,0,1,2372562.8786120294,671205.7228931412,2346231.5614151936,Train,Actual,17.175694444444446,,430858.9123994669,383050.9611698874,412039.1967631491,,
101010,2016-05-27 00:00:00,949879.0,461804.9857702387,xx-small,low,2,Friday,0,27,21,5,2016,4,148,Late Night,True,True,-0.433883739117558,-0.9009688679024191,-0.0027397225999241,0.999996246952995,-0.0832369162003102,0.9965297867005596,-0.041654611386019,0.999132070023918,0,0,0,0,0,0,1,0,1,2372562.8786120294,671205.7228931412,2346231.5614151936,Train,Actual,18.669444444444448,,495822.41715448,412039.1967631491,461804.9857702387,,
101010,2016-05-28 00:00:00,931462.0,415661.1966515432,xx-small,low,2,Saturday,0,28,21,5,2016,5,149,Late Night,True,True,-0.9749279121818236,-0.2225209339563146,-0.0027397225999457,0.9999962469529948,-0.0832369162003102,0.9965297867005596,-0.041654611386019,0.999132070023918,0,0,0,0,0,0,1,0,1,2372562.8786120294,671205.7228931412,2346231.5614151936,Train,Actual,19.752083333333335,,483498.52757283015,461804.9857702387,415661.1966515432,,
101010,2016-05-29 00:00:00,956961.0,122634.06378880049,xx-small,low,2,Sunday,0,29,21,5,2016,6,150,Late Night,True,True,-0.7818314824680299,0.6234898018587334,-0.0027397225999672,0.9999962469529948,-0.0832369162003102,0.9965297867005596,-0.041654611386019,0.999132070023918,0,0,0,0,0,0,1,0,1,2372562.8786120294,671205.7228931412,2346231.5614151936,Train,Actual,19.623611111111106,,,,122634.06378880049,,
101010,2016-05-30 00:00:00,950035.0,541684.7670926583,xx-small,low,2,Monday,0,30,22,5,2016,0,151,Late Night,True,True,0.0,1.0,-0.0027397225999888,0.9999962469529948,-0.0832369162003102,0.9965297867005596,-0.041654611386019,0.999132070023918,0,0,0,0,0,0,1,0,1,2372562.8786120294,671205.7228931412,2346231.5614151936,Train,Actual,19.278472222222227,,,,541684.7670926583,,
101010,2016-05-31 00:00:00,960896.0,399900.6025425853,xx-small,low,2,Tuesday,0,31,22,5,2016,1,152,Late Night,True,True,0.7818314824680298,0.6234898018587336,-0.0027397226000104,0.9999962469529948,-0.0832369162003102,0.9965297867005596,-0.041654611386019,0.999132070023918,0,0,0,0,0,0,1,0,1,2372562.8786120294,671205.7228931412,2346231.5614151936,Train,Actual,18.84930555555555,,,,399900.6025425853,,
101010,2016-06-01 00:00:00,1015873.0,382182.1706561173,xx-small,low,2,Wednesday,0,1,22,6,2016,2,153,Late Night,True,True,0.9749279121818236,-0.2225209339563143,-0.0027397225999182,0.999996246952995,-0.083236916200314,0.9965297867005593,-0.041654611386019,0.999132070023918,0,0,0,0,0,0,1,0,1,2372562.8786120294,671205.7228931412,2346231.5614151936,Train,Actual,16.978472222222226,,,,382182.1706561173,,
101010,2016-06-02 00:00:00,949876.0,456910.3913264628,xx-small,low,2,Thursday,0,2,22,6,2016,3,154,Late Night,True,True,0.4338837391175582,-0.900968867902419,-0.0027397225999398,0.999996246952995,-0.083236916200314,0.9965297867005593,-0.041654611386019,0.999132070023918,0,0,0,0,0,0,1,0,1,2372562.8786120294,671205.7228931412,2346231.5614151936,Train,Actual,18.946527777777778,,,,456910.3913264628,,
101010,2016-06-03 00:00:00,992589.0,371732.211518656,xx-small,low,2,Friday,0,3,22,6,2016,4,155,Late Night,True,True,-0.433883739117558,-0.9009688679024191,-0.0027397225999614,0.9999962469529948,-0.083236916200314,0.9965297867005593,-0.041654611386019,0.999132070023918,0,0,0,0,0,0,1,0,1,2372562.8786120294,671205.7228931412,2346231.5614151936,Train,Actual,18.30277777777778,,,,371732.211518656,,
101010,2016-06-04 00:00:00,965540.0,402596.9996602725,xx-small,low,2,Saturday,0,4,22,6,2016,5,156,Late Night,True,True,-0.9749279121818236,-0.2225209339563146,-0.0027397225999829,0.9999962469529948,-0.083236916200314,0.9965297867005593,-0.041654611386019,0.999132070023918,0,0,0,0,0,0,1,0,1,2372562.8786120294,671205.7228931412,2346231.5614151936,Train,Actual,17.65416666666667,,,,402596.9996602725,,
101010,2016-06-05 16:00:00,,161178.96412263776,xx-small,low,2,Sunday,16,5,22,6,2016,6,157,Noon,False,True,-0.7818314824680299,0.6234898018587334,-0.0027397226000045,0.9999962469529948,-0.083236916200314,0.9965297867005593,-0.0416546113860277,0.9991320700239178,0,0,0,0,0,0,1,0,1,,,,Test,Daily,17.1,1.0,,,,14145.3779425118,17.1
101010,2016-06-06 16:00:00,,507414.43878088833,xx-small,low,2,Monday,16,6,23,6,2016,0,158,Noon,False,True,0.0,1.0,-0.0027397225999124,0.999996246952995,-0.083236916200314,0.9965297867005593,-0.0416546113860277,0.9991320700239178,0,0,0,0,0,0,1,0,1,,,,Test,Daily,18.2909722222222,1.0,,161178.96412263776,,18712.64638286,18.2909722222222
101010,2016-06-07 16:00:00,,466016.8060117127,xx-small,low,2,Tuesday,16,7,23,6,2016,1,159,Noon,False,True,0.7818314824680298,0.6234898018587336,-0.0027397225999339,0.999996246952995,-0.083236916200314,0.9965297867005593,-0.0416546113860277,0.9991320700239178,0,0,0,0,0,0,1,0,1,,,,Test,Daily,19.25,1.0,,507414.43878088833,,15717.2565539869,19.25
101010,2016-06-08 16:00:00,,431251.48099994904,xx-small,low,2,Wednesday,16,8,23,6,2016,2,160,Noon,False,True,0.9749279121818236,-0.2225209339563143,-0.0027397225999555,0.9999962469529948,-0.083236916200314,0.9965297867005593,-0.0416546113860277,0.9991320700239178,0,0,0,0,0,0,1,0,1,,,,Test,Daily,17.6173611111111,1.0,,466016.8060117127,,16254.6422356264,17.6173611111111
101010,2016-06-09 16:00:00,,440331.7708212093,xx-small,low,2,Thursday,16,9,23,6,2016,3,161,Noon,False,True,0.4338837391175582,-0.900968867902419,-0.002739722599977,0.9999962469529948,-0.083236916200314,0.9965297867005593,-0.0416546113860277,0.9991320700239178,0,0,0,0,0,0,1,0,1,,,,Test,Daily,17.4736111111111,1.0,,431251.48099994904,,14362.0657173665,17.4736111111111
101010,2016-06-10 16:00:00,,408782.9514996947,xx-small,low,2,Friday,16,10,23,6,2016,4,162,Noon,False,True,-0.433883739117558,-0.9009688679024191,-0.0027397225999986,0.9999962469529948,-0.083236916200314,0.9965297867005593,-0.0416546113860277,0.9991320700239178,0,0,0,0,0,0,1,0,1,,,,Test,Daily,18.3215277777778,1.0,,440331.7708212093,,16097.2431494211,18.3215277777778
101010,2016-06-11 16:00:00,,406160.9539064992,xx-small,low,2,Saturday,16,11,23,6,2016,5,163,Noon,False,True,-0.9749279121818236,-0.2225209339563146,-0.0027397226000202,0.9999962469529948,-0.083236916200314,0.9965297867005593,-0.0416546113860277,0.9991320700239178,0,0,0,0,0,0,1,0,1,,,,Test,Daily,18.6777777777778,1.0,,408782.9514996947,,4700.85008037626,18.6777777777778
101010,2016-06-12 16:00:00,,194447.99320152777,xx-small,low,2,Sunday,16,12,23,6,2016,6,164,Noon,False,True,-0.7818314824680299,0.6234898018587334,-0.0027397226000417,0.9999962469529948,-0.083236916200314,0.9965297867005593,-0.0416546113860277,0.9991320700239178,0,0,0,0,0,0,1,0,1,,,,Test,Daily,17.2680555555556,1.0,161178.96412263776,406160.9539064992,,14615.9728041373,17.2680555555556
101357,2014-07-15 00:00:00,955051.0,934047.6941918288,xx-small,low,2,Tuesday,0,15,29,7,2014,1,196,Late Night,True,True,0.7818314824680298,0.6234898018587336,-0.0027397226000496,0.9999962469529948,-0.0832369162003143,0.9965297867005593,-0.041654611386019,0.999132070023918,0,0,0,0,0,0,1,0,1,2372562.8786120294,671205.7228931412,2346231.5614151936,Train,Actual,19.303472222222226,,,,934047.6941918288,,
101357,2014-07-16 00:00:00,961528.0,426306.9395667552,xx-small,low,2,Wednesday,0,16,29,7,2014,2,197,Late Night,True,True,0.9749279121818236,-0.2225209339563143,-0.0027397226000711,0.9999962469529946,-0.0832369162003143,0.9965297867005593,-0.041654611386019,0.999132070023918,0,0,0,0,0,0,1,0,1,2372562.8786120294,671205.7228931412,2346231.5614151936,Train,Actual,20.077083333333338,,,934047.6941918288,426306.9395667552,,
101357,2014-07-17 00:00:00,973798.0,741641.1866070054,xx-small,low,2,Thursday,0,17,29,7,2014,3,198,Late Night,True,True,0.4338837391175582,-0.900968867902419,-0.0027397225998653,0.9999962469529952,-0.0832369162003143,0.9965297867005593,-0.041654611386019,0.999132070023918,0,0,0,0,0,0,1,0,1,2372562.8786120294,671205.7228931412,2346231.5614151936,Train,Actual,19.903472222222216,,,426306.9395667552,741641.1866070054,,
101357,2014-07-18 00:00:00,925160.0,852026.5278002576,xx-small,low,2,Friday,0,18,29,7,2014,4,199,Late Night,True,True,-0.433883739117558,-0.9009688679024191,-0.0027397225998869,0.9999962469529952,-0.0832369162003143,0.9965297867005593,-0.041654611386019,0.999132070023918,0,0,0,0,0,0,1,0,1,2372562.8786120294,671205.7228931412,2346231.5614151936,Train,Actual,19.51388888888889,,,741641.1866070054,852026.5278002576,,
101357,2014-07-19 00:00:00,959904.0,821166.1098322517,xx-small,low,2,Saturday,0,19,29,7,2014,5,200,Late Night,True,True,-0.9749279121818236,-0.2225209339563146,-0.0027397225999084,0.999996246952995,-0.0832369162003143,0.9965297867005593,-0.041654611386019,0.999132070023918,0,0,0,0,0,0,1,0,1,2372562.8786120294,671205.7228931412,2346231.5614151936,Train,Actual,21.783333333333335,,,852026.5278002576,821166.1098322517,,
101357,2014-07-20 00:00:00,938961.0,729637.1937336458,xx-small,low,2,Sunday,0,20,29,7,2014,6,201,Late Night,True,True,-0.7818314824680299,0.6234898018587334,-0.00273972259993,0.999996246952995,-0.0832369162003143,0.9965297867005593,-0.041654611386019,0.999132070023918,0,0,0,0,0,0,1,0,1,2372562.8786120294,671205.7228931412,2346231.5614151936,Train,Actual,23.576388888888896,,,821166.1098322517,729637.1937336458,,
101357,2014-07-21 00:00:00,922535.0,1088606.7502401564,xx-small,low,2,Monday,0,21,30,7,2014,0,202,Late Night,True,True,0.0,1.0,-0.0027397225999516,0.9999962469529948,-0.0832369162003143,0.9965297867005593,-0.041654611386019,0.999132070023918,0,0,0,0,0,0,1,0,1,2372562.8786120294,671205.7228931412,2346231.5614151936,Train,Actual,24.65763888888888,,,729637.1937336458,1088606.7502401564,,
101357,2014-07-22 00:00:00,959640.0,999512.8948773292,xx-small,low,2,Tuesday,0,22,30,7,2014,1,203,Late Night,True,True,0.7818314824680298,0.6234898018587336,-0.0027397225999731,0.9999962469529948,-0.0832369162003143,0.9965297867005593,-0.041654611386019,0.999132070023918,0,0,0,0,0,0,1,0,1,2372562.8786120294,671205.7228931412,2346231.5614151936,Train,Actual,24.27847222222222,,934047.6941918288,1088606.7502401564,999512.8948773292,,
101357,2014-07-23 00:00:00,951185.0,760791.2873682781,xx-small,low,2,Wednesday,0,23,30,7,2014,2,204,Late Night,True,True,0.9749279121818236,-0.2225209339563143,-0.0027397225999947,0.9999962469529948,-0.0832369162003143,0.9965297867005593,-0.041654611386019,0.999132070023918,0,0,0,0,0,0,1,0,1,2372562.8786120294,671205.7228931412,2346231.5614151936,Train,Actual,19.924305555555556,,426306.9395667552,999512.8948773292,760791.2873682781,,
101357,2014-07-24 00:00:00,950848.0,953320.1598141956,xx-small,low,2,Thursday,0,24,30,7,2014,3,205,Late Night,True,True,0.4338837391175582,-0.900968867902419,-0.0027397226000162,0.9999962469529948,-0.0832369162003143,0.9965297867005593,-0.041654611386019,0.999132070023918,0,0,0,0,0,0,1,0,1,2372562.8786120294,671205.7228931412,2346231.5614151936,Train,Actual,21.559027777777775,,741641.1866070054,760791.2873682781,953320.1598141956,,
101357,2014-07-25 00:00:00,960971.0,816320.4613329137,xx-small,low,2,Friday,0,25,30,7,2014,4,206,Late Night,True,True,-0.433883739117558,-0.9009688679024191,-0.0027397226000378,0.9999962469529948,-0.0832369162003143,0.9965297867005593,-0.041654611386019,0.999132070023918,0,0,0,0,0,0,1,0,1,2372562.8786120294,671205.7228931412,2346231.5614151936,Train,Actual,20.860416666666662,,852026.5278002576,953320.1598141956,816320.4613329137,,
101357,2014-07-26 00:00:00,945960.0,827773.8123313488,xx-small,low,2,Saturday,0,26,30,7,2014,5,207,Late Night,True,True,-0.9749279121818236,-0.2225209339563146,-0.0027397226000594,0.9999962469529948,-0.0832369162003143,0.9965297867005593,-0.041654611386019,0.999132070023918,0,0,0,0,0,0,1,0,1,2372562.8786120294,671205.7228931412,2346231.5614151936,Train,Actual,23.0,,821166.1098322517,816320.4613329137,827773.8123313488,,
101357,2014-07-27 00:00:00,973119.0,120272.42196967866,xx-small,low,2,Sunday,0,27,30,7,2014,6,208,Late Night,True,True,-0.7818314824680299,0.6234898018587334,-0.0027397225998536,0.9999962469529952,-0.0832369162003143,0.9965297867005593,-0.041654611386019,0.999132070023918,0,0,0,0,0,0,1,0,1,2372562.8786120294,671205.7228931412,2346231.5614151936,Train,Actual,24.315277777777784,,,,120272.42196967866,,
101357,2014-07-28 00:00:00,947893.0,911557.0327226795,xx-small,low,2,Monday,0,28,31,7,2014,0,209,Late Night,True,True,0.0,1.0,-0.0027397225998751,0.9999962469529952,-0.0832369162003143,0.9965297867005593,-0.041654611386019,0.999132070023918,0,0,0,0,0,0,1,0,1,2372562.8786120294,671205.7228931412,2346231.5614151936,Train,Actual,23.227777777777778,,,,911557.0327226795,,
101357,2014-07-29 00:00:00,941812.0,1029675.8331370968,xx-small,low,2,Tuesday,0,29,31,7,2014,1,210,Late Night,True,True,0.7818314824680298,0.6234898018587336,-0.0027397225998967,0.9999962469529952,-0.0832369162003143,0.9965297867005593,-0.041654611386019,0.999132070023918,0,0,0,0,0,0,1,0,1,2372562.8786120294,671205.7228931412,2346231.5614151936,Train,Actual,24.372222222222224,,,,1029675.8331370968,,
101357,2014-07-30 00:00:00,981992.0,1234930.6511368316,xx-small,low,2,Wednesday,0,30,31,7,2014,2,211,Late Night,True,True,0.9749279121818236,-0.2225209339563143,-0.0027397225999182,0.999996246952995,-0.0832369162003143,0.9965297867005593,-0.041654611386019,0.999132070023918,0,0,0,0,0,0,1,0,1,2372562.8786120294,671205.7228931412,2346231.5614151936,Train,Actual,28.97291666666666,,,,1234930.6511368316,,
101357,2014-07-31 00:00:00,950695.0,1013768.4011948257,xx-small,low,2,Thursday,0,31,31,7,2014,3,212,Late Night,True,True,0.4338837391175582,-0.900968867902419,-0.0027397225999398,0.999996246952995,-0.0832369162003143,0.9965297867005593,-0.041654611386019,0.999132070023918,0,0,0,0,0,0,1,0,1,2372562.8786120294,671205.7228931412,2346231.5614151936,Train,Actual,23.04444444444445,,,,1013768.4011948257,,
101357,2014-08-01 00:00:00,944647.0,806543.5089314716,xx-small,low,2,Friday,0,1,31,8,2014,4,213,Late Night,True,True,-0.433883739117558,-0.9009688679024191,-0.0027397225999614,0.9999962469529948,-0.0832369162003145,0.9965297867005593,-0.041654611386019,0.999132070023918,0,0,0,0,0,0,1,0,1,2372562.8786120294,671205.7228931412,2346231.5614151936,Train,Actual,19.57638888888889,,,,806543.5089314716,,
101357,2014-08-02 00:00:00,921741.0,797721.0024465659,xx-small,low,2,Saturday,0,2,31,8,2014,5,214,Late Night,True,True,-0.9749279121818236,-0.2225209339563146,-0.0027397225999829,0.9999962469529948,-0.0832369162003145,0.9965297867005593,-0.041654611386019,0.999132070023918,0,0,0,0,0,0,1,0,1,2372562.8786120294,671205.7228931412,2346231.5614151936,Train,Actual,21.620138888888892,,,,797721.0024465659,,
101357,2014-08-03 16:00:00,,290246.7844402677,xx-small,low,2,Sunday,16,3,31,8,2014,6,215,Noon,False,True,-0.7818314824680299,0.6234898018587334,-0.0027397226000045,0.9999962469529948,-0.0832369162003145,0.9965297867005593,-0.0416546113860277,0.9991320700239178,0,0,0,0,0,0,1,0,1,,,,Test,Daily,22.4,1.0,,,,3560.81745784683,22.4
101357,2014-08-04 16:00:00,,982197.0424671465,xx-small,low,2,Monday,16,4,32,8,2014,0,216,Noon,False,True,0.0,1.0,-0.002739722600026,0.9999962469529948,-0.0832369162003145,0.9965297867005593,-0.0416546113860277,0.9991320700239178,0,0,0,0,0,0,1,0,1,,,,Test,Daily,24.8434027777778,1.0,,290246.7844402677,,46124.9245359435,24.8434027777778
101357,2014-08-05 16:00:00,,1000802.0133366571,xx-small,low,2,Tuesday,16,5,32,8,2014,1,217,Noon,False,True,0.7818314824680298,0.6234898018587336,-0.0027397226000476,0.9999962469529948,-0.0832369162003145,0.9965297867005593,-0.0416546113860277,0.9991320700239178,0,0,0,0,0,0,1,0,1,,,,Test,Daily,22.0970588235294,1.0,,982197.0424671465,,37278.4549324068,22.0970588235294
101357,2014-08-06 16:00:00,,1087036.884025608,xx-small,low,2,Wednesday,16,6,32,8,2014,2,218,Noon,False,True,0.9749279121818236,-0.2225209339563143,-0.0027397226000692,0.9999962469529946,-0.0832369162003145,0.9965297867005593,-0.0416546113860277,0.9991320700239178,0,0,0,0,0,0,1,0,1,,,,Test,Daily,21.6078431372549,1.0,,1000802.0133366571,,35441.9623088151,21.6078431372549
101357,2014-08-07 16:00:00,,1070018.136043492,xx-small,low,2,Thursday,16,7,32,8,2014,3,219,Noon,False,True,0.4338837391175582,-0.900968867902419,-0.0027397225998634,0.9999962469529952,-0.0832369162003145,0.9965297867005593,-0.0416546113860277,0.9991320700239178,0,0,0,0,0,0,1,0,1,,,,Test,Daily,20.2895833333333,1.0,,1087036.884025608,,31716.4621420787,20.2895833333333
101357,2014-08-08 16:00:00,,1045006.8334173836,xx-small,low,2,Friday,16,8,32,8,2014,4,220,Noon,False,True,-0.433883739117558,-0.9009688679024191,-0.0027397225998849,0.9999962469529952,-0.0832369162003145,0.9965297867005593,-0.0416546113860277,0.9991320700239178,0,0,0,0,0,0,1,0,1,,,,Test,Daily,22.2875,1.0,,1070018.136043492,,32439.4345297114,22.2875
101357,2014-08-09 16:00:00,,961250.0766073759,xx-small,low,2,Saturday,16,9,32,8,2014,5,221,Noon,False,True,-0.9749279121818236,-0.2225209339563146,-0.0027397225999065,0.999996246952995,-0.0832369162003145,0.9965297867005593,-0.0416546113860277,0.9991320700239178,0,0,0,0,0,0,1,0,1,,,,Test,Daily,24.2880952380952,1.0,,1045006.8334173836,,4743.6777817593,24.2880952380952
101357,2014-08-10 16:00:00,,326649.5056415549,xx-small,low,2,Sunday,16,10,32,8,2014,6,222,Noon,False,True,-0.7818314824680299,0.6234898018587334,-0.002739722599928,0.999996246952995,-0.0832369162003145,0.9965297867005593,-0.0416546113860277,0.9991320700239178,0,0,0,0,0,0,1,0,1,,,,Test,Daily,25.8531746031746,1.0,290246.7844402677,961250.0766073759,,48397.8518307718,25.8531746031746
